STATUS,200
MESSAGEID,M181000I
MESSAGE,正常に終了しました。
DATE,2026-03-03T12:35:22.307+09:00
PARAMETER,FORMAT,CSV
PARAMETER,LANG,JP
PARAMETER,DB,MD01
PARAMETER,STARTDATE,
PARAMETER,ENDDATE,
PARAMETER,STARTPOSITION,
NEXTPOSITION,
SERIES_CODE,NAME_OF_TIME_SERIES_J,UNIT_J,FREQUENCY,CATEGORY_J,LAST_UPDATE,SURVEY_DATES,VALUES
MABS1AN11,マネタリーベース平均残高,億円,MONTHLY,マネタリーベース,20260303,197001,45652
MABS1AN11,マネタリーベース平均残高,億円,MONTHLY,マネタリーベース,20260303,197002,42889
MABS1AN11,マネタリーベース平均残高,億円,MONTHLY,マネタリーベース,20260303,197003,44223
MABS1AN11,マネタリーベース平均残高,億円,MONTHLY,マネタリーベース,20260303,197004,44354
MABS1AN11,マネタリーベース平均残高,億円,MONTHLY,マネタリーベース,20260303,197005,43996
MABS1AN11,マネタリーベース平均残高,億円,MONTHLY,マネタリーベース,20260303,197006,45532
MABS1AN11,マネタリーベース平均残高,億円,MONTHLY,マネタリーベース,20260303,197007,47710
MABS1AN11,マネタリーベース平均残高,億円,MONTHLY,マネタリーベース,20260303,197008,47586
MABS1AN11,マネタリーベース平均残高,億円,MONTHLY,マネタリーベース,20260303,197009,45499
MABS1AN11,マネタリーベース平均残高,億円,MONTHLY,マネタリーベース,20260303,197010,46467
MABS1AN11,マネタリーベース平均残高,億円,MONTHLY,マネタリーベース,20260303,197011,46766
MABS1AN11,マネタリーベース平均残高,億円,MONTHLY,マネタリーベース,20260303,197012,58302
MABS1AN11,マネタリーベース平均残高,億円,MONTHLY,マネタリーベース,20260303,197101,53149
MABS1AN11,マネタリーベース平均残高,億円,MONTHLY,マネタリーベース,20260303,197102,50060
MABS1AN11,マネタリーベース平均残高,億円,MONTHLY,マネタリーベース,20260303,197103,51169
MABS1AN11,マネタリーベース平均残高,億円,MONTHLY,マネタリーベース,20260303,197104,51425
MABS1AN11,マネタリーベース平均残高,億円,MONTHLY,マネタリーベース,20260303,197105,51431
MABS1AN11,マネタリーベース平均残高,億円,MONTHLY,マネタリーベース,20260303,197106,52810
MABS1AN11,マネタリーベース平均残高,億円,MONTHLY,マネタリーベース,20260303,197107,55760
MABS1AN11,マネタリーベース平均残高,億円,MONTHLY,マネタリーベース,20260303,197108,55868
MABS1AN11,マネタリーベース平均残高,億円,MONTHLY,マネタリーベース,20260303,197109,53424
MABS1AN11,マネタリーベース平均残高,億円,MONTHLY,マネタリーベース,20260303,197110,54164
MABS1AN11,マネタリーベース平均残高,億円,MONTHLY,マネタリーベース,20260303,197111,54232
MABS1AN11,マネタリーベース平均残高,億円,MONTHLY,マネタリーベース,20260303,197112,67425
MABS1AN11,マネタリーベース平均残高,億円,MONTHLY,マネタリーベース,20260303,197201,61839
MABS1AN11,マネタリーベース平均残高,億円,MONTHLY,マネタリーベース,20260303,197202,57815
MABS1AN11,マネタリーベース平均残高,億円,MONTHLY,マネタリーベース,20260303,197203,59427
MABS1AN11,マネタリーベース平均残高,億円,MONTHLY,マネタリーベース,20260303,197204,60611
MABS1AN11,マネタリーベース平均残高,億円,MONTHLY,マネタリーベース,20260303,197205,59565
MABS1AN11,マネタリーベース平均残高,億円,MONTHLY,マネタリーベース,20260303,197206,63082
MABS1AN11,マネタリーベース平均残高,億円,MONTHLY,マネタリーベース,20260303,197207,65832
MABS1AN11,マネタリーベース平均残高,億円,MONTHLY,マネタリーベース,20260303,197208,65556
MABS1AN11,マネタリーベース平均残高,億円,MONTHLY,マネタリーベース,20260303,197209,64183
MABS1AN11,マネタリーベース平均残高,億円,MONTHLY,マネタリーベース,20260303,197210,65713
MABS1AN11,マネタリーベース平均残高,億円,MONTHLY,マネタリーベース,20260303,197211,66684
MABS1AN11,マネタリーベース平均残高,億円,MONTHLY,マネタリーベース,20260303,197212,83241
MABS1AN11,マネタリーベース平均残高,億円,MONTHLY,マネタリーベース,20260303,197301,78806
MABS1AN11,マネタリーベース平均残高,億円,MONTHLY,マネタリーベース,20260303,197302,75090
MABS1AN11,マネタリーベース平均残高,億円,MONTHLY,マネタリーベース,20260303,197303,78792
MABS1AN11,マネタリーベース平均残高,億円,MONTHLY,マネタリーベース,20260303,197304,83415
MABS1AN11,マネタリーベース平均残高,億円,MONTHLY,マネタリーベース,20260303,197305,82773
MABS1AN11,マネタリーベース平均残高,億円,MONTHLY,マネタリーベース,20260303,197306,85578
MABS1AN11,マネタリーベース平均残高,億円,MONTHLY,マネタリーベース,20260303,197307,92612
MABS1AN11,マネタリーベース平均残高,億円,MONTHLY,マネタリーベース,20260303,197308,91702
MABS1AN11,マネタリーベース平均残高,億円,MONTHLY,マネタリーベース,20260303,197309,90670
MABS1AN11,マネタリーベース平均残高,億円,MONTHLY,マネタリーベース,20260303,197310,93395
MABS1AN11,マネタリーベース平均残高,億円,MONTHLY,マネタリーベース,20260303,197311,95354
MABS1AN11,マネタリーベース平均残高,億円,MONTHLY,マネタリーベース,20260303,197312,113105
MABS1AN11,マネタリーベース平均残高,億円,MONTHLY,マネタリーベース,20260303,197401,108047
MABS1AN11,マネタリーベース平均残高,億円,MONTHLY,マネタリーベース,20260303,197402,101530
MABS1AN11,マネタリーベース平均残高,億円,MONTHLY,マネタリーベース,20260303,197403,103385
MABS1AN11,マネタリーベース平均残高,億円,MONTHLY,マネタリーベース,20260303,197404,104664
MABS1AN11,マネタリーベース平均残高,億円,MONTHLY,マネタリーベース,20260303,197405,104911
MABS1AN11,マネタリーベース平均残高,億円,MONTHLY,マネタリーベース,20260303,197406,109423
MABS1AN11,マネタリーベース平均残高,億円,MONTHLY,マネタリーベース,20260303,197407,115980
MABS1AN11,マネタリーベース平均残高,億円,MONTHLY,マネタリーベース,20260303,197408,113653
MABS1AN11,マネタリーベース平均残高,億円,MONTHLY,マネタリーベース,20260303,197409,110511
MABS1AN11,マネタリーベース平均残高,億円,MONTHLY,マネタリーベース,20260303,197410,110777
MABS1AN11,マネタリーベース平均残高,億円,MONTHLY,マネタリーベース,20260303,197411,113462
MABS1AN11,マネタリーベース平均残高,億円,MONTHLY,マネタリーベース,20260303,197412,132497
MABS1AN11,マネタリーベース平均残高,億円,MONTHLY,マネタリーベース,20260303,197501,127912
MABS1AN11,マネタリーベース平均残高,億円,MONTHLY,マネタリーベース,20260303,197502,118119
MABS1AN11,マネタリーベース平均残高,億円,MONTHLY,マネタリーベース,20260303,197503,120309
MABS1AN11,マネタリーベース平均残高,億円,MONTHLY,マネタリーベース,20260303,197504,121997
MABS1AN11,マネタリーベース平均残高,億円,MONTHLY,マネタリーベース,20260303,197505,119240
MABS1AN11,マネタリーベース平均残高,億円,MONTHLY,マネタリーベース,20260303,197506,123713
MABS1AN11,マネタリーベース平均残高,億円,MONTHLY,マネタリーベース,20260303,197507,128796
MABS1AN11,マネタリーベース平均残高,億円,MONTHLY,マネタリーベース,20260303,197508,127680
MABS1AN11,マネタリーベース平均残高,億円,MONTHLY,マネタリーベース,20260303,197509,123821
MABS1AN11,マネタリーベース平均残高,億円,MONTHLY,マネタリーベース,20260303,197510,123939
MABS1AN11,マネタリーベース平均残高,億円,MONTHLY,マネタリーベース,20260303,197511,125027
MABS1AN11,マネタリーベース平均残高,億円,MONTHLY,マネタリーベース,20260303,197512,143574
MABS1AN11,マネタリーベース平均残高,億円,MONTHLY,マネタリーベース,20260303,197601,134134
MABS1AN11,マネタリーベース平均残高,億円,MONTHLY,マネタリーベース,20260303,197602,125227
MABS1AN11,マネタリーベース平均残高,億円,MONTHLY,マネタリーベース,20260303,197603,124500
MABS1AN11,マネタリーベース平均残高,億円,MONTHLY,マネタリーベース,20260303,197604,126441
MABS1AN11,マネタリーベース平均残高,億円,MONTHLY,マネタリーベース,20260303,197605,126091
MABS1AN11,マネタリーベース平均残高,億円,MONTHLY,マネタリーベース,20260303,197606,127140
MABS1AN11,マネタリーベース平均残高,億円,MONTHLY,マネタリーベース,20260303,197607,133537
MABS1AN11,マネタリーベース平均残高,億円,MONTHLY,マネタリーベース,20260303,197608,131895
MABS1AN11,マネタリーベース平均残高,億円,MONTHLY,マネタリーベース,20260303,197609,127874
MABS1AN11,マネタリーベース平均残高,億円,MONTHLY,マネタリーベース,20260303,197610,128262
MABS1AN11,マネタリーベース平均残高,億円,MONTHLY,マネタリーベース,20260303,197611,130964
MABS1AN11,マネタリーベース平均残高,億円,MONTHLY,マネタリーベース,20260303,197612,154631
MABS1AN11,マネタリーベース平均残高,億円,MONTHLY,マネタリーベース,20260303,197701,144368
MABS1AN11,マネタリーベース平均残高,億円,MONTHLY,マネタリーベース,20260303,197702,137267
MABS1AN11,マネタリーベース平均残高,億円,MONTHLY,マネタリーベース,20260303,197703,135653
MABS1AN11,マネタリーベース平均残高,億円,MONTHLY,マネタリーベース,20260303,197704,142423
MABS1AN11,マネタリーベース平均残高,億円,MONTHLY,マネタリーベース,20260303,197705,133360
MABS1AN11,マネタリーベース平均残高,億円,MONTHLY,マネタリーベース,20260303,197706,139181
MABS1AN11,マネタリーベース平均残高,億円,MONTHLY,マネタリーベース,20260303,197707,146866
MABS1AN11,マネタリーベース平均残高,億円,MONTHLY,マネタリーベース,20260303,197708,144431
MABS1AN11,マネタリーベース平均残高,億円,MONTHLY,マネタリーベース,20260303,197709,139208
MABS1AN11,マネタリーベース平均残高,億円,MONTHLY,マネタリーベース,20260303,197710,139365
MABS1AN11,マネタリーベース平均残高,億円,MONTHLY,マネタリーベース,20260303,197711,135659
MABS1AN11,マネタリーベース平均残高,億円,MONTHLY,マネタリーベース,20260303,197712,165086
MABS1AN11,マネタリーベース平均残高,億円,MONTHLY,マネタリーベース,20260303,197801,153803
MABS1AN11,マネタリーベース平均残高,億円,MONTHLY,マネタリーベース,20260303,197802,145724
MABS1AN11,マネタリーベース平均残高,億円,MONTHLY,マネタリーベース,20260303,197803,148400
MABS1AN11,マネタリーベース平均残高,億円,MONTHLY,マネタリーベース,20260303,197804,153389
MABS1AN11,マネタリーベース平均残高,億円,MONTHLY,マネタリーベース,20260303,197805,147716
MABS1AN11,マネタリーベース平均残高,億円,MONTHLY,マネタリーベース,20260303,197806,152261
MABS1AN11,マネタリーベース平均残高,億円,MONTHLY,マネタリーベース,20260303,197807,156034
MABS1AN11,マネタリーベース平均残高,億円,MONTHLY,マネタリーベース,20260303,197808,157831
MABS1AN11,マネタリーベース平均残高,億円,MONTHLY,マネタリーベース,20260303,197809,154029
MABS1AN11,マネタリーベース平均残高,億円,MONTHLY,マネタリーベース,20260303,197810,154656
MABS1AN11,マネタリーベース平均残高,億円,MONTHLY,マネタリーベース,20260303,197811,156247
MABS1AN11,マネタリーベース平均残高,億円,MONTHLY,マネタリーベース,20260303,197812,187986
MABS1AN11,マネタリーベース平均残高,億円,MONTHLY,マネタリーベース,20260303,197901,176380
MABS1AN11,マネタリーベース平均残高,億円,MONTHLY,マネタリーベース,20260303,197902,162439
MABS1AN11,マネタリーベース平均残高,億円,MONTHLY,マネタリーベース,20260303,197903,164119
MABS1AN11,マネタリーベース平均残高,億円,MONTHLY,マネタリーベース,20260303,197904,166328
MABS1AN11,マネタリーベース平均残高,億円,MONTHLY,マネタリーベース,20260303,197905,164621
MABS1AN11,マネタリーベース平均残高,億円,MONTHLY,マネタリーベース,20260303,197906,166846
MABS1AN11,マネタリーベース平均残高,億円,MONTHLY,マネタリーベース,20260303,197907,171627
MABS1AN11,マネタリーベース平均残高,億円,MONTHLY,マネタリーベース,20260303,197908,172738
MABS1AN11,マネタリーベース平均残高,億円,MONTHLY,マネタリーベース,20260303,197909,166614
MABS1AN11,マネタリーベース平均残高,億円,MONTHLY,マネタリーベース,20260303,197910,167608
MABS1AN11,マネタリーベース平均残高,億円,MONTHLY,マネタリーベース,20260303,197911,168389
MABS1AN11,マネタリーベース平均残高,億円,MONTHLY,マネタリーベース,20260303,197912,199528
MABS1AN11,マネタリーベース平均残高,億円,MONTHLY,マネタリーベース,20260303,198001,187775
MABS1AN11,マネタリーベース平均残高,億円,MONTHLY,マネタリーベース,20260303,198002,175206
MABS1AN11,マネタリーベース平均残高,億円,MONTHLY,マネタリーベース,20260303,198003,183050
MABS1AN11,マネタリーベース平均残高,億円,MONTHLY,マネタリーベース,20260303,198004,190870
MABS1AN11,マネタリーベース平均残高,億円,MONTHLY,マネタリーベース,20260303,198005,188262
MABS1AN11,マネタリーベース平均残高,億円,MONTHLY,マネタリーベース,20260303,198006,191181
MABS1AN11,マネタリーベース平均残高,億円,MONTHLY,マネタリーベース,20260303,198007,194043
MABS1AN11,マネタリーベース平均残高,億円,MONTHLY,マネタリーベース,20260303,198008,192154
MABS1AN11,マネタリーベース平均残高,億円,MONTHLY,マネタリーベース,20260303,198009,185748
MABS1AN11,マネタリーベース平均残高,億円,MONTHLY,マネタリーベース,20260303,198010,184109
MABS1AN11,マネタリーベース平均残高,億円,MONTHLY,マネタリーベース,20260303,198011,187772
MABS1AN11,マネタリーベース平均残高,億円,MONTHLY,マネタリーベース,20260303,198012,213292
MABS1AN11,マネタリーベース平均残高,億円,MONTHLY,マネタリーベース,20260303,198101,198514
MABS1AN11,マネタリーベース平均残高,億円,MONTHLY,マネタリーベース,20260303,198102,185391
MABS1AN11,マネタリーベース平均残高,億円,MONTHLY,マネタリーベース,20260303,198103,190574
MABS1AN11,マネタリーベース平均残高,億円,MONTHLY,マネタリーベース,20260303,198104,187251
MABS1AN11,マネタリーベース平均残高,億円,MONTHLY,マネタリーベース,20260303,198105,183477
MABS1AN11,マネタリーベース平均残高,億円,MONTHLY,マネタリーベース,20260303,198106,186085
MABS1AN11,マネタリーベース平均残高,億円,MONTHLY,マネタリーベース,20260303,198107,191493
MABS1AN11,マネタリーベース平均残高,億円,MONTHLY,マネタリーベース,20260303,198108,191526
MABS1AN11,マネタリーベース平均残高,億円,MONTHLY,マネタリーベース,20260303,198109,184597
MABS1AN11,マネタリーベース平均残高,億円,MONTHLY,マネタリーベース,20260303,198110,185303
MABS1AN11,マネタリーベース平均残高,億円,MONTHLY,マネタリーベース,20260303,198111,186660
MABS1AN11,マネタリーベース平均残高,億円,MONTHLY,マネタリーベース,20260303,198112,221220
MABS1AN11,マネタリーベース平均残高,億円,MONTHLY,マネタリーベース,20260303,198201,203012
MABS1AN11,マネタリーベース平均残高,億円,MONTHLY,マネタリーベース,20260303,198202,190976
MABS1AN11,マネタリーベース平均残高,億円,MONTHLY,マネタリーベース,20260303,198203,196212
MABS1AN11,マネタリーベース平均残高,億円,MONTHLY,マネタリーベース,20260303,198204,200308
MABS1AN11,マネタリーベース平均残高,億円,MONTHLY,マネタリーベース,20260303,198205,197649
MABS1AN11,マネタリーベース平均残高,億円,MONTHLY,マネタリーベース,20260303,198206,199542
MABS1AN11,マネタリーベース平均残高,億円,MONTHLY,マネタリーベース,20260303,198207,205925
MABS1AN11,マネタリーベース平均残高,億円,MONTHLY,マネタリーベース,20260303,198208,206837
MABS1AN11,マネタリーベース平均残高,億円,MONTHLY,マネタリーベース,20260303,198209,198824
MABS1AN11,マネタリーベース平均残高,億円,MONTHLY,マネタリーベース,20260303,198210,200746
MABS1AN11,マネタリーベース平均残高,億円,MONTHLY,マネタリーベース,20260303,198211,202262
MABS1AN11,マネタリーベース平均残高,億円,MONTHLY,マネタリーベース,20260303,198212,236757
MABS1AN11,マネタリーベース平均残高,億円,MONTHLY,マネタリーベース,20260303,198301,217482
MABS1AN11,マネタリーベース平均残高,億円,MONTHLY,マネタリーベース,20260303,198302,206790
MABS1AN11,マネタリーベース平均残高,億円,MONTHLY,マネタリーベース,20260303,198303,213271
MABS1AN11,マネタリーベース平均残高,億円,MONTHLY,マネタリーベース,20260303,198304,211911
MABS1AN11,マネタリーベース平均残高,億円,MONTHLY,マネタリーベース,20260303,198305,209675
MABS1AN11,マネタリーベース平均残高,億円,MONTHLY,マネタリーベース,20260303,198306,210848
MABS1AN11,マネタリーベース平均残高,億円,MONTHLY,マネタリーベース,20260303,198307,216326
MABS1AN11,マネタリーベース平均残高,億円,MONTHLY,マネタリーベース,20260303,198308,217429
MABS1AN11,マネタリーベース平均残高,億円,MONTHLY,マネタリーベース,20260303,198309,208515
MABS1AN11,マネタリーベース平均残高,億円,MONTHLY,マネタリーベース,20260303,198310,211361
MABS1AN11,マネタリーベース平均残高,億円,MONTHLY,マネタリーベース,20260303,198311,210419
MABS1AN11,マネタリーベース平均残高,億円,MONTHLY,マネタリーベース,20260303,198312,247410
MABS1AN11,マネタリーベース平均残高,億円,MONTHLY,マネタリーベース,20260303,198401,227762
MABS1AN11,マネタリーベース平均残高,億円,MONTHLY,マネタリーベース,20260303,198402,215757
MABS1AN11,マネタリーベース平均残高,億円,MONTHLY,マネタリーベース,20260303,198403,220782
MABS1AN11,マネタリーベース平均残高,億円,MONTHLY,マネタリーベース,20260303,198404,222407
MABS1AN11,マネタリーベース平均残高,億円,MONTHLY,マネタリーベース,20260303,198405,218588
MABS1AN11,マネタリーベース平均残高,億円,MONTHLY,マネタリーベース,20260303,198406,218779
MABS1AN11,マネタリーベース平均残高,億円,MONTHLY,マネタリーベース,20260303,198407,228506
MABS1AN11,マネタリーベース平均残高,億円,MONTHLY,マネタリーベース,20260303,198408,226340
MABS1AN11,マネタリーベース平均残高,億円,MONTHLY,マネタリーベース,20260303,198409,221534
MABS1AN11,マネタリーベース平均残高,億円,MONTHLY,マネタリーベース,20260303,198410,219798
MABS1AN11,マネタリーベース平均残高,億円,MONTHLY,マネタリーベース,20260303,198411,228555
MABS1AN11,マネタリーベース平均残高,億円,MONTHLY,マネタリーベース,20260303,198412,258978
MABS1AN11,マネタリーベース平均残高,億円,MONTHLY,マネタリーベース,20260303,198501,246239
MABS1AN11,マネタリーベース平均残高,億円,MONTHLY,マネタリーベース,20260303,198502,230575
MABS1AN11,マネタリーベース平均残高,億円,MONTHLY,マネタリーベース,20260303,198503,238265
MABS1AN11,マネタリーベース平均残高,億円,MONTHLY,マネタリーベース,20260303,198504,237406
MABS1AN11,マネタリーベース平均残高,億円,MONTHLY,マネタリーベース,20260303,198505,234171
MABS1AN11,マネタリーベース平均残高,億円,MONTHLY,マネタリーベース,20260303,198506,233564
MABS1AN11,マネタリーベース平均残高,億円,MONTHLY,マネタリーベース,20260303,198507,244039
MABS1AN11,マネタリーベース平均残高,億円,MONTHLY,マネタリーベース,20260303,198508,241269
MABS1AN11,マネタリーベース平均残高,億円,MONTHLY,マネタリーベース,20260303,198509,234637
MABS1AN11,マネタリーベース平均残高,億円,MONTHLY,マネタリーベース,20260303,198510,234064
MABS1AN11,マネタリーベース平均残高,億円,MONTHLY,マネタリーベース,20260303,198511,239461
MABS1AN11,マネタリーベース平均残高,億円,MONTHLY,マネタリーベース,20260303,198512,276257
MABS1AN11,マネタリーベース平均残高,億円,MONTHLY,マネタリーベース,20260303,198601,262132
MABS1AN11,マネタリーベース平均残高,億円,MONTHLY,マネタリーベース,20260303,198602,246712
MABS1AN11,マネタリーベース平均残高,億円,MONTHLY,マネタリーベース,20260303,198603,252406
MABS1AN11,マネタリーベース平均残高,億円,MONTHLY,マネタリーベース,20260303,198604,252361
MABS1AN11,マネタリーベース平均残高,億円,MONTHLY,マネタリーベース,20260303,198605,252227
MABS1AN11,マネタリーベース平均残高,億円,MONTHLY,マネタリーベース,20260303,198606,251637
MABS1AN11,マネタリーベース平均残高,億円,MONTHLY,マネタリーベース,20260303,198607,259123
MABS1AN11,マネタリーベース平均残高,億円,MONTHLY,マネタリーベース,20260303,198608,256055
MABS1AN11,マネタリーベース平均残高,億円,MONTHLY,マネタリーベース,20260303,198609,249699
MABS1AN11,マネタリーベース平均残高,億円,MONTHLY,マネタリーベース,20260303,198610,249940
MABS1AN11,マネタリーベース平均残高,億円,MONTHLY,マネタリーベース,20260303,198611,265139
MABS1AN11,マネタリーベース平均残高,億円,MONTHLY,マネタリーベース,20260303,198612,300411
MABS1AN11,マネタリーベース平均残高,億円,MONTHLY,マネタリーベース,20260303,198701,286064
MABS1AN11,マネタリーベース平均残高,億円,MONTHLY,マネタリーベース,20260303,198702,275165
MABS1AN11,マネタリーベース平均残高,億円,MONTHLY,マネタリーベース,20260303,198703,282616
MABS1AN11,マネタリーベース平均残高,億円,MONTHLY,マネタリーベース,20260303,198704,281725
MABS1AN11,マネタリーベース平均残高,億円,MONTHLY,マネタリーベース,20260303,198705,283774
MABS1AN11,マネタリーベース平均残高,億円,MONTHLY,マネタリーベース,20260303,198706,282996
MABS1AN11,マネタリーベース平均残高,億円,MONTHLY,マネタリーベース,20260303,198707,294789
MABS1AN11,マネタリーベース平均残高,億円,MONTHLY,マネタリーベース,20260303,198708,293357
MABS1AN11,マネタリーベース平均残高,億円,MONTHLY,マネタリーベース,20260303,198709,286867
MABS1AN11,マネタリーベース平均残高,億円,MONTHLY,マネタリーベース,20260303,198710,288388
MABS1AN11,マネタリーベース平均残高,億円,MONTHLY,マネタリーベース,20260303,198711,292520
MABS1AN11,マネタリーベース平均残高,億円,MONTHLY,マネタリーベース,20260303,198712,331571
MABS1AN11,マネタリーベース平均残高,億円,MONTHLY,マネタリーベース,20260303,198801,315650
MABS1AN11,マネタリーベース平均残高,億円,MONTHLY,マネタリーベース,20260303,198802,304378
MABS1AN11,マネタリーベース平均残高,億円,MONTHLY,マネタリーベース,20260303,198803,315336
MABS1AN11,マネタリーベース平均残高,億円,MONTHLY,マネタリーベース,20260303,198804,317578
MABS1AN11,マネタリーベース平均残高,億円,MONTHLY,マネタリーベース,20260303,198805,319577
MABS1AN11,マネタリーベース平均残高,億円,MONTHLY,マネタリーベース,20260303,198806,312567
MABS1AN11,マネタリーベース平均残高,億円,MONTHLY,マネタリーベース,20260303,198807,327743
MABS1AN11,マネタリーベース平均残高,億円,MONTHLY,マネタリーベース,20260303,198808,324104
MABS1AN11,マネタリーベース平均残高,億円,MONTHLY,マネタリーベース,20260303,198809,318235
MABS1AN11,マネタリーベース平均残高,億円,MONTHLY,マネタリーベース,20260303,198810,319102
MABS1AN11,マネタリーベース平均残高,億円,MONTHLY,マネタリーベース,20260303,198811,322942
MABS1AN11,マネタリーベース平均残高,億円,MONTHLY,マネタリーベース,20260303,198812,361981
MABS1AN11,マネタリーベース平均残高,億円,MONTHLY,マネタリーベース,20260303,198901,351257
MABS1AN11,マネタリーベース平均残高,億円,MONTHLY,マネタリーベース,20260303,198902,339679
MABS1AN11,マネタリーベース平均残高,億円,MONTHLY,マネタリーベース,20260303,198903,349457
MABS1AN11,マネタリーベース平均残高,億円,MONTHLY,マネタリーベース,20260303,198904,352108
MABS1AN11,マネタリーベース平均残高,億円,MONTHLY,マネタリーベース,20260303,198905,353491
MABS1AN11,マネタリーベース平均残高,億円,MONTHLY,マネタリーベース,20260303,198906,347511
MABS1AN11,マネタリーベース平均残高,億円,MONTHLY,マネタリーベース,20260303,198907,362138
MABS1AN11,マネタリーベース平均残高,億円,MONTHLY,マネタリーベース,20260303,198908,362399
MABS1AN11,マネタリーベース平均残高,億円,MONTHLY,マネタリーベース,20260303,198909,353250
MABS1AN11,マネタリーベース平均残高,億円,MONTHLY,マネタリーベース,20260303,198910,356228
MABS1AN11,マネタリーベース平均残高,億円,MONTHLY,マネタリーベース,20260303,198911,360433
MABS1AN11,マネタリーベース平均残高,億円,MONTHLY,マネタリーベース,20260303,198912,407692
MABS1AN11,マネタリーベース平均残高,億円,MONTHLY,マネタリーベース,20260303,199001,396438
MABS1AN11,マネタリーベース平均残高,億円,MONTHLY,マネタリーベース,20260303,199002,379074
MABS1AN11,マネタリーベース平均残高,億円,MONTHLY,マネタリーベース,20260303,199003,387141
MABS1AN11,マネタリーベース平均残高,億円,MONTHLY,マネタリーベース,20260303,199004,398966
MABS1AN11,マネタリーベース平均残高,億円,MONTHLY,マネタリーベース,20260303,199005,388227
MABS1AN11,マネタリーベース平均残高,億円,MONTHLY,マネタリーベース,20260303,199006,380177
MABS1AN11,マネタリーベース平均残高,億円,MONTHLY,マネタリーベース,20260303,199007,397725
MABS1AN11,マネタリーベース平均残高,億円,MONTHLY,マネタリーベース,20260303,199008,393872
MABS1AN11,マネタリーベース平均残高,億円,MONTHLY,マネタリーベース,20260303,199009,384880
MABS1AN11,マネタリーベース平均残高,億円,MONTHLY,マネタリーベース,20260303,199010,380905
MABS1AN11,マネタリーベース平均残高,億円,MONTHLY,マネタリーベース,20260303,199011,384221
MABS1AN11,マネタリーベース平均残高,億円,MONTHLY,マネタリーベース,20260303,199012,434790
MABS1AN11,マネタリーベース平均残高,億円,MONTHLY,マネタリーベース,20260303,199101,416599
MABS1AN11,マネタリーベース平均残高,億円,MONTHLY,マネタリーベース,20260303,199102,389282
MABS1AN11,マネタリーベース平均残高,億円,MONTHLY,マネタリーベース,20260303,199103,403003
MABS1AN11,マネタリーベース平均残高,億円,MONTHLY,マネタリーベース,20260303,199104,400518
MABS1AN11,マネタリーベース平均残高,億円,MONTHLY,マネタリーベース,20260303,199105,396596
MABS1AN11,マネタリーベース平均残高,億円,MONTHLY,マネタリーベース,20260303,199106,393195
MABS1AN11,マネタリーベース平均残高,億円,MONTHLY,マネタリーベース,20260303,199107,405930
MABS1AN11,マネタリーベース平均残高,億円,MONTHLY,マネタリーベース,20260303,199108,399507
MABS1AN11,マネタリーベース平均残高,億円,MONTHLY,マネタリーベース,20260303,199109,388370
MABS1AN11,マネタリーベース平均残高,億円,MONTHLY,マネタリーベース,20260303,199110,383696
MABS1AN11,マネタリーベース平均残高,億円,MONTHLY,マネタリーベース,20260303,199111,378262
MABS1AN11,マネタリーベース平均残高,億円,MONTHLY,マネタリーベース,20260303,199112,422588
MABS1AN11,マネタリーベース平均残高,億円,MONTHLY,マネタリーベース,20260303,199201,403151
MABS1AN11,マネタリーベース平均残高,億円,MONTHLY,マネタリーベース,20260303,199202,381986
MABS1AN11,マネタリーベース平均残高,億円,MONTHLY,マネタリーベース,20260303,199203,386773
MABS1AN11,マネタリーベース平均残高,億円,MONTHLY,マネタリーベース,20260303,199204,384556
MABS1AN11,マネタリーベース平均残高,億円,MONTHLY,マネタリーベース,20260303,199205,383633
MABS1AN11,マネタリーベース平均残高,億円,MONTHLY,マネタリーベース,20260303,199206,377922
MABS1AN11,マネタリーベース平均残高,億円,MONTHLY,マネタリーベース,20260303,199207,393184
MABS1AN11,マネタリーベース平均残高,億円,MONTHLY,マネタリーベース,20260303,199208,389860
MABS1AN11,マネタリーベース平均残高,億円,MONTHLY,マネタリーベース,20260303,199209,380155
MABS1AN11,マネタリーベース平均残高,億円,MONTHLY,マネタリーベース,20260303,199210,378849
MABS1AN11,マネタリーベース平均残高,億円,MONTHLY,マネタリーベース,20260303,199211,382626
MABS1AN11,マネタリーベース平均残高,億円,MONTHLY,マネタリーベース,20260303,199212,428679
MABS1AN11,マネタリーベース平均残高,億円,MONTHLY,マネタリーベース,20260303,199301,408398
MABS1AN11,マネタリーベース平均残高,億円,MONTHLY,マネタリーベース,20260303,199302,392381
MABS1AN11,マネタリーベース平均残高,億円,MONTHLY,マネタリーベース,20260303,199303,397115
MABS1AN11,マネタリーベース平均残高,億円,MONTHLY,マネタリーベース,20260303,199304,397225
MABS1AN11,マネタリーベース平均残高,億円,MONTHLY,マネタリーベース,20260303,199305,400557
MABS1AN11,マネタリーベース平均残高,億円,MONTHLY,マネタリーベース,20260303,199306,391313
MABS1AN11,マネタリーベース平均残高,億円,MONTHLY,マネタリーベース,20260303,199307,407699
MABS1AN11,マネタリーベース平均残高,億円,MONTHLY,マネタリーベース,20260303,199308,402591
MABS1AN11,マネタリーベース平均残高,億円,MONTHLY,マネタリーベース,20260303,199309,393040
MABS1AN11,マネタリーベース平均残高,億円,MONTHLY,マネタリーベース,20260303,199310,397367
MABS1AN11,マネタリーベース平均残高,億円,MONTHLY,マネタリーベース,20260303,199311,397256
MABS1AN11,マネタリーベース平均残高,億円,MONTHLY,マネタリーベース,20260303,199312,444684
MABS1AN11,マネタリーベース平均残高,億円,MONTHLY,マネタリーベース,20260303,199401,427146
MABS1AN11,マネタリーベース平均残高,億円,MONTHLY,マネタリーベース,20260303,199402,408951
MABS1AN11,マネタリーベース平均残高,億円,MONTHLY,マネタリーベース,20260303,199403,415721
MABS1AN11,マネタリーベース平均残高,億円,MONTHLY,マネタリーベース,20260303,199404,415318
MABS1AN11,マネタリーベース平均残高,億円,MONTHLY,マネタリーベース,20260303,199405,417403
MABS1AN11,マネタリーベース平均残高,億円,MONTHLY,マネタリーベース,20260303,199406,406934
MABS1AN11,マネタリーベース平均残高,億円,MONTHLY,マネタリーベース,20260303,199407,426321
MABS1AN11,マネタリーベース平均残高,億円,MONTHLY,マネタリーベース,20260303,199408,422143
MABS1AN11,マネタリーベース平均残高,億円,MONTHLY,マネタリーベース,20260303,199409,418588
MABS1AN11,マネタリーベース平均残高,億円,MONTHLY,マネタリーベース,20260303,199410,416258
MABS1AN11,マネタリーベース平均残高,億円,MONTHLY,マネタリーベース,20260303,199411,414362
MABS1AN11,マネタリーベース平均残高,億円,MONTHLY,マネタリーベース,20260303,199412,462391
MABS1AN11,マネタリーベース平均残高,億円,MONTHLY,マネタリーベース,20260303,199501,447720
MABS1AN11,マネタリーベース平均残高,億円,MONTHLY,マネタリーベース,20260303,199502,425001
MABS1AN11,マネタリーベース平均残高,億円,MONTHLY,マネタリーベース,20260303,199503,432723
MABS1AN11,マネタリーベース平均残高,億円,MONTHLY,マネタリーベース,20260303,199504,433732
MABS1AN11,マネタリーベース平均残高,億円,MONTHLY,マネタリーベース,20260303,199505,433126
MABS1AN11,マネタリーベース平均残高,億円,MONTHLY,マネタリーベース,20260303,199506,425895
MABS1AN11,マネタリーベース平均残高,億円,MONTHLY,マネタリーベース,20260303,199507,443917
MABS1AN11,マネタリーベース平均残高,億円,MONTHLY,マネタリーベース,20260303,199508,440162
MABS1AN11,マネタリーベース平均残高,億円,MONTHLY,マネタリーベース,20260303,199509,437732
MABS1AN11,マネタリーベース平均残高,億円,MONTHLY,マネタリーベース,20260303,199510,441865
MABS1AN11,マネタリーベース平均残高,億円,MONTHLY,マネタリーベース,20260303,199511,445844
MABS1AN11,マネタリーベース平均残高,億円,MONTHLY,マネタリーベース,20260303,199512,490471
MABS1AN11,マネタリーベース平均残高,億円,MONTHLY,マネタリーベース,20260303,199601,482308
MABS1AN11,マネタリーベース平均残高,億円,MONTHLY,マネタリーベース,20260303,199602,463807
MABS1AN11,マネタリーベース平均残高,億円,MONTHLY,マネタリーベース,20260303,199603,470437
MABS1AN11,マネタリーベース平均残高,億円,MONTHLY,マネタリーベース,20260303,199604,472202
MABS1AN11,マネタリーベース平均残高,億円,MONTHLY,マネタリーベース,20260303,199605,470282
MABS1AN11,マネタリーベース平均残高,億円,MONTHLY,マネタリーベース,20260303,199606,467351
MABS1AN11,マネタリーベース平均残高,億円,MONTHLY,マネタリーベース,20260303,199607,481329
MABS1AN11,マネタリーベース平均残高,億円,MONTHLY,マネタリーベース,20260303,199608,476002
MABS1AN11,マネタリーベース平均残高,億円,MONTHLY,マネタリーベース,20260303,199609,472257
MABS1AN11,マネタリーベース平均残高,億円,MONTHLY,マネタリーベース,20260303,199610,473835
MABS1AN11,マネタリーベース平均残高,億円,MONTHLY,マネタリーベース,20260303,199611,478422
MABS1AN11,マネタリーベース平均残高,億円,MONTHLY,マネタリーベース,20260303,199612,526309
MABS1AN11,マネタリーベース平均残高,億円,MONTHLY,マネタリーベース,20260303,199701,519490
MABS1AN11,マネタリーベース平均残高,億円,MONTHLY,マネタリーベース,20260303,199702,495800
MABS1AN11,マネタリーベース平均残高,億円,MONTHLY,マネタリーベース,20260303,199703,506044
MABS1AN11,マネタリーベース平均残高,億円,MONTHLY,マネタリーベース,20260303,199704,503896
MABS1AN11,マネタリーベース平均残高,億円,MONTHLY,マネタリーベース,20260303,199705,502266
MABS1AN11,マネタリーベース平均残高,億円,MONTHLY,マネタリーベース,20260303,199706,502088
MABS1AN11,マネタリーベース平均残高,億円,MONTHLY,マネタリーベース,20260303,199707,515549
MABS1AN11,マネタリーベース平均残高,億円,MONTHLY,マネタリーベース,20260303,199708,511808
MABS1AN11,マネタリーベース平均残高,億円,MONTHLY,マネタリーベース,20260303,199709,506656
MABS1AN11,マネタリーベース平均残高,億円,MONTHLY,マネタリーベース,20260303,199710,508061
MABS1AN11,マネタリーベース平均残高,億円,MONTHLY,マネタリーベース,20260303,199711,523264
MABS1AN11,マネタリーベース平均残高,億円,MONTHLY,マネタリーベース,20260303,199712,578436
MABS1AN11,マネタリーベース平均残高,億円,MONTHLY,マネタリーベース,20260303,199801,567079
MABS1AN11,マネタリーベース平均残高,億円,MONTHLY,マネタリーベース,20260303,199802,546076
MABS1AN11,マネタリーベース平均残高,億円,MONTHLY,マネタリーベース,20260303,199803,551600
MABS1AN11,マネタリーベース平均残高,億円,MONTHLY,マネタリーベース,20260303,199804,550804
MABS1AN11,マネタリーベース平均残高,億円,MONTHLY,マネタリーベース,20260303,199805,550317
MABS1AN11,マネタリーベース平均残高,億円,MONTHLY,マネタリーベース,20260303,199806,549294
MABS1AN11,マネタリーベース平均残高,億円,MONTHLY,マネタリーベース,20260303,199807,558328
MABS1AN11,マネタリーベース平均残高,億円,MONTHLY,マネタリーベース,20260303,199808,557630
MABS1AN11,マネタリーベース平均残高,億円,MONTHLY,マネタリーベース,20260303,199809,553103
MABS1AN11,マネタリーベース平均残高,億円,MONTHLY,マネタリーベース,20260303,199810,557773
MABS1AN11,マネタリーベース平均残高,億円,MONTHLY,マネタリーベース,20260303,199811,559575
MABS1AN11,マネタリーベース平均残高,億円,MONTHLY,マネタリーベース,20260303,199812,601386
MABS1AN11,マネタリーベース平均残高,億円,MONTHLY,マネタリーベース,20260303,199901,587931
MABS1AN11,マネタリーベース平均残高,億円,MONTHLY,マネタリーベース,20260303,199902,572920
MABS1AN11,マネタリーベース平均残高,億円,MONTHLY,マネタリーベース,20260303,199903,585970
MABS1AN11,マネタリーベース平均残高,億円,MONTHLY,マネタリーベース,20260303,199904,589375
MABS1AN11,マネタリーベース平均残高,億円,MONTHLY,マネタリーベース,20260303,199905,592623
MABS1AN11,マネタリーベース平均残高,億円,MONTHLY,マネタリーベース,20260303,199906,584608
MABS1AN11,マネタリーベース平均残高,億円,MONTHLY,マネタリーベース,20260303,199907,602181
MABS1AN11,マネタリーベース平均残高,億円,MONTHLY,マネタリーベース,20260303,199908,598515
MABS1AN11,マネタリーベース平均残高,億円,MONTHLY,マネタリーベース,20260303,199909,594261
MABS1AN11,マネタリーベース平均残高,億円,MONTHLY,マネタリーベース,20260303,199910,596127
MABS1AN11,マネタリーベース平均残高,億円,MONTHLY,マネタリーベース,20260303,199911,601247
MABS1AN11,マネタリーベース平均残高,億円,MONTHLY,マネタリーベース,20260303,199912,686808
MABS1AN11,マネタリーベース平均残高,億円,MONTHLY,マネタリーベース,20260303,200001,721978
MABS1AN11,マネタリーベース平均残高,億円,MONTHLY,マネタリーベース,20260303,200002,626865
MABS1AN11,マネタリーベース平均残高,億円,MONTHLY,マネタリーベース,20260303,200003,649807
MABS1AN11,マネタリーベース平均残高,億円,MONTHLY,マネタリーベース,20260303,200004,658350
MABS1AN11,マネタリーベース平均残高,億円,MONTHLY,マネタリーベース,20260303,200005,637448
MABS1AN11,マネタリーベース平均残高,億円,MONTHLY,マネタリーベース,20260303,200006,622152
MABS1AN11,マネタリーベース平均残高,億円,MONTHLY,マネタリーベース,20260303,200007,637116
MABS1AN11,マネタリーベース平均残高,億円,MONTHLY,マネタリーベース,20260303,200008,626193
MABS1AN11,マネタリーベース平均残高,億円,MONTHLY,マネタリーベース,20260303,200009,618261
MABS1AN11,マネタリーベース平均残高,億円,MONTHLY,マネタリーベース,20260303,200010,627618
MABS1AN11,マネタリーベース平均残高,億円,MONTHLY,マネタリーベース,20260303,200011,635571
MABS1AN11,マネタリーベース平均残高,億円,MONTHLY,マネタリーベース,20260303,200012,679588
MABS1AN11,マネタリーベース平均残高,億円,MONTHLY,マネタリーベース,20260303,200101,681280
MABS1AN11,マネタリーベース平均残高,億円,MONTHLY,マネタリーベース,20260303,200102,647866
MABS1AN11,マネタリーベース平均残高,億円,MONTHLY,マネタリーベース,20260303,200103,657361
MABS1AN11,マネタリーベース平均残高,億円,MONTHLY,マネタリーベース,20260303,200104,667725
MABS1AN11,マネタリーベース平均残高,億円,MONTHLY,マネタリーベース,20260303,200105,669654
MABS1AN11,マネタリーベース平均残高,億円,MONTHLY,マネタリーベース,20260303,200106,669739
MABS1AN11,マネタリーベース平均残高,億円,MONTHLY,マネタリーベース,20260303,200107,687826
MABS1AN11,マネタリーベース平均残高,億円,MONTHLY,マネタリーベース,20260303,200108,682731
MABS1AN11,マネタリーベース平均残高,億円,MONTHLY,マネタリーベース,20260303,200109,706356
MABS1AN11,マネタリーベース平均残高,億円,MONTHLY,マネタリーベース,20260303,200110,717502
MABS1AN11,マネタリーベース平均残高,億円,MONTHLY,マネタリーベース,20260303,200111,733778
MABS1AN11,マネタリーベース平均残高,億円,MONTHLY,マネタリーベース,20260303,200112,794424
MABS1AN11,マネタリーベース平均残高,億円,MONTHLY,マネタリーベース,20260303,200201,840818
MABS1AN11,マネタリーベース平均残高,億円,MONTHLY,マネタリーベース,20260303,200202,826163
MABS1AN11,マネタリーベース平均残高,億円,MONTHLY,マネタリーベース,20260303,200203,871493
MABS1AN11,マネタリーベース平均残高,億円,MONTHLY,マネタリーベース,20260303,200204,910393
MABS1AN11,マネタリーベース平均残高,億円,MONTHLY,マネタリーベース,20260303,200205,868229
MABS1AN11,マネタリーベース平均残高,億円,MONTHLY,マネタリーベース,20260303,200206,854332
MABS1AN11,マネタリーベース平均残高,億円,MONTHLY,マネタリーベース,20260303,200207,860806
MABS1AN11,マネタリーベース平均残高,億円,MONTHLY,マネタリーベース,20260303,200208,860881
MABS1AN11,マネタリーベース平均残高,億円,MONTHLY,マネタリーベース,20260303,200209,857469
MABS1AN11,マネタリーベース平均残高,億円,MONTHLY,マネタリーベース,20260303,200210,859299
MABS1AN11,マネタリーベース平均残高,億円,MONTHLY,マネタリーベース,20260303,200211,894000
MABS1AN11,マネタリーベース平均残高,億円,MONTHLY,マネタリーベース,20260303,200212,949444
MABS1AN11,マネタリーベース平均残高,億円,MONTHLY,マネタリーベース,20260303,200301,953668
MABS1AN11,マネタリーベース平均残高,億円,MONTHLY,マネタリーベース,20260303,200302,930274
MABS1AN11,マネタリーベース平均残高,億円,MONTHLY,マネタリーベース,20260303,200303,966459
MABS1AN11,マネタリーベース平均残高,億円,MONTHLY,マネタリーベース,20260303,200304,1015445
MABS1AN11,マネタリーベース平均残高,億円,MONTHLY,マネタリーベース,20260303,200305,1013547
MABS1AN11,マネタリーベース平均残高,億円,MONTHLY,マネタリーベース,20260303,200306,1027632
MABS1AN11,マネタリーベース平均残高,億円,MONTHLY,マネタリーベース,20260303,200307,1036363
MABS1AN11,マネタリーベース平均残高,億円,MONTHLY,マネタリーベース,20260303,200308,1037448
MABS1AN11,マネタリーベース平均残高,億円,MONTHLY,マネタリーベース,20260303,200309,1036332
MABS1AN11,マネタリーベース平均残高,億円,MONTHLY,マネタリーベース,20260303,200310,1036011
MABS1AN11,マネタリーベース平均残高,億円,MONTHLY,マネタリーベース,20260303,200311,1043362
MABS1AN11,マネタリーベース平均残高,億円,MONTHLY,マネタリーベース,20260303,200312,1074991
MABS1AN11,マネタリーベース平均残高,億円,MONTHLY,マネタリーベース,20260303,200401,1083320
MABS1AN11,マネタリーベース平均残高,億円,MONTHLY,マネタリーベース,20260303,200402,1080570
MABS1AN11,マネタリーベース平均残高,億円,MONTHLY,マネタリーベース,20260303,200403,1081238
MABS1AN11,マネタリーベース平均残高,億円,MONTHLY,マネタリーベース,20260303,200404,1082958
MABS1AN11,マネタリーベース平均残高,億円,MONTHLY,マネタリーベース,20260303,200405,1088328
MABS1AN11,マネタリーベース平均残高,億円,MONTHLY,マネタリーベース,20260303,200406,1072957
MABS1AN11,マネタリーベース平均残高,億円,MONTHLY,マネタリーベース,20260303,200407,1085248
MABS1AN11,マネタリーベース平均残高,億円,MONTHLY,マネタリーベース,20260303,200408,1085653
MABS1AN11,マネタリーベース平均残高,億円,MONTHLY,マネタリーベース,20260303,200409,1085201
MABS1AN11,マネタリーベース平均残高,億円,MONTHLY,マネタリーベース,20260303,200410,1079234
MABS1AN11,マネタリーベース平均残高,億円,MONTHLY,マネタリーベース,20260303,200411,1094035
MABS1AN11,マネタリーベース平均残高,億円,MONTHLY,マネタリーベース,20260303,200412,1119769
MABS1AN11,マネタリーベース平均残高,億円,MONTHLY,マネタリーベース,20260303,200501,1125134
MABS1AN11,マネタリーベース平均残高,億円,MONTHLY,マネタリーベース,20260303,200502,1093674
MABS1AN11,マネタリーベース平均残高,億円,MONTHLY,マネタリーベース,20260303,200503,1103301
MABS1AN11,マネタリーベース平均残高,億円,MONTHLY,マネタリーベース,20260303,200504,1115568
MABS1AN11,マネタリーベース平均残高,億円,MONTHLY,マネタリーベース,20260303,200505,1112725
MABS1AN11,マネタリーベース平均残高,億円,MONTHLY,マネタリーベース,20260303,200506,1091586
MABS1AN11,マネタリーベース平均残高,億円,MONTHLY,マネタリーベース,20260303,200507,1101137
MABS1AN11,マネタリーベース平均残高,億円,MONTHLY,マネタリーベース,20260303,200508,1097890
MABS1AN11,マネタリーベース平均残高,億円,MONTHLY,マネタリーベース,20260303,200509,1103950
MABS1AN11,マネタリーベース平均残高,億円,MONTHLY,マネタリーベース,20260303,200510,1109848
MABS1AN11,マネタリーベース平均残高,億円,MONTHLY,マネタリーベース,20260303,200511,1110432
MABS1AN11,マネタリーベース平均残高,億円,MONTHLY,マネタリーベース,20260303,200512,1130466
MABS1AN11,マネタリーベース平均残高,億円,MONTHLY,マネタリーベース,20260303,200601,1141316
MABS1AN11,マネタリーベース平均残高,億円,MONTHLY,マネタリーベース,20260303,200602,1114431
MABS1AN11,マネタリーベース平均残高,億円,MONTHLY,マネタリーベース,20260303,200603,1092791
MABS1AN11,マネタリーベース平均残高,億円,MONTHLY,マネタリーベース,20260303,200604,1035779
MABS1AN11,マネタリーベース平均残高,億円,MONTHLY,マネタリーベース,20260303,200605,941951
MABS1AN11,マネタリーベース平均残高,億円,MONTHLY,マネタリーベース,20260303,200606,914229
MABS1AN11,マネタリーベース平均残高,億円,MONTHLY,マネタリーベース,20260303,200607,905410
MABS1AN11,マネタリーベース平均残高,億円,MONTHLY,マネタリーベース,20260303,200608,875607
MABS1AN11,マネタリーベース平均残高,億円,MONTHLY,マネタリーベース,20260303,200609,869660
MABS1AN11,マネタリーベース平均残高,億円,MONTHLY,マネタリーベース,20260303,200610,873279
MABS1AN11,マネタリーベース平均残高,億円,MONTHLY,マネタリーベース,20260303,200611,862670
MABS1AN11,マネタリーベース平均残高,億円,MONTHLY,マネタリーベース,20260303,200612,904664
MABS1AN11,マネタリーベース平均残高,億円,MONTHLY,マネタリーベース,20260303,200701,900507
MABS1AN11,マネタリーベース平均残高,億円,MONTHLY,マネタリーベース,20260303,200702,879061
MABS1AN11,マネタリーベース平均残高,億円,MONTHLY,マネタリーベース,20260303,200703,884022
MABS1AN11,マネタリーベース平均残高,億円,MONTHLY,マネタリーベース,20260303,200704,908926
MABS1AN11,マネタリーベース平均残高,億円,MONTHLY,マネタリーベース,20260303,200705,887868
MABS1AN11,マネタリーベース平均残高,億円,MONTHLY,マネタリーベース,20260303,200706,876336
MABS1AN11,マネタリーベース平均残高,億円,MONTHLY,マネタリーベース,20260303,200707,884708
MABS1AN11,マネタリーベース平均残高,億円,MONTHLY,マネタリーベース,20260303,200708,881473
MABS1AN11,マネタリーベース平均残高,億円,MONTHLY,マネタリーベース,20260303,200709,875728
MABS1AN11,マネタリーベース平均残高,億円,MONTHLY,マネタリーベース,20260303,200710,877567
MABS1AN11,マネタリーベース平均残高,億円,MONTHLY,マネタリーベース,20260303,200711,871633
MABS1AN11,マネタリーベース平均残高,億円,MONTHLY,マネタリーベース,20260303,200712,907835
MABS1AN11,マネタリーベース平均残高,億円,MONTHLY,マネタリーベース,20260303,200801,899793
MABS1AN11,マネタリーベース平均残高,億円,MONTHLY,マネタリーベース,20260303,200802,879916
MABS1AN11,マネタリーベース平均残高,億円,MONTHLY,マネタリーベース,20260303,200803,883867
MABS1AN11,マネタリーベース平均残高,億円,MONTHLY,マネタリーベース,20260303,200804,883589
MABS1AN11,マネタリーベース平均残高,億円,MONTHLY,マネタリーベース,20260303,200805,879638
MABS1AN11,マネタリーベース平均残高,億円,MONTHLY,マネタリーベース,20260303,200806,880155
MABS1AN11,マネタリーベース平均残高,億円,MONTHLY,マネタリーベース,20260303,200807,878532
MABS1AN11,マネタリーベース平均残高,億円,MONTHLY,マネタリーベース,20260303,200808,879433
MABS1AN11,マネタリーベース平均残高,億円,MONTHLY,マネタリーベース,20260303,200809,883741
MABS1AN11,マネタリーベース平均残高,億円,MONTHLY,マネタリーベース,20260303,200810,889825
MABS1AN11,マネタリーベース平均残高,億円,MONTHLY,マネタリーベース,20260303,200811,888562
MABS1AN11,マネタリーベース平均残高,億円,MONTHLY,マネタリーベース,20260303,200812,924351
MABS1AN11,マネタリーベース平均残高,億円,MONTHLY,マネタリーベース,20260303,200901,935049
MABS1AN11,マネタリーベース平均残高,億円,MONTHLY,マネタリーベース,20260303,200902,936531
MABS1AN11,マネタリーベース平均残高,億円,MONTHLY,マネタリーベース,20260303,200903,944658
MABS1AN11,マネタリーベース平均残高,億円,MONTHLY,マネタリーベース,20260303,200904,956238
MABS1AN11,マネタリーベース平均残高,億円,MONTHLY,マネタリーベース,20260303,200905,949165
MABS1AN11,マネタリーベース平均残高,億円,MONTHLY,マネタリーベース,20260303,200906,936392
MABS1AN11,マネタリーベース平均残高,億円,MONTHLY,マネタリーベース,20260303,200907,932096
MABS1AN11,マネタリーベース平均残高,億円,MONTHLY,マネタリーベース,20260303,200908,933355
MABS1AN11,マネタリーベース平均残高,億円,MONTHLY,マネタリーベース,20260303,200909,923942
MABS1AN11,マネタリーベース平均残高,億円,MONTHLY,マネタリーベース,20260303,200910,928609
MABS1AN11,マネタリーベース平均残高,億円,MONTHLY,マネタリーベース,20260303,200911,922042
MABS1AN11,マネタリーベース平均残高,億円,MONTHLY,マネタリーベース,20260303,200912,972143
MABS1AN11,マネタリーベース平均残高,億円,MONTHLY,マネタリーベース,20260303,201001,980675
MABS1AN11,マネタリーベース平均残高,億円,MONTHLY,マネタリーベース,20260303,201002,956928
MABS1AN11,マネタリーベース平均残高,億円,MONTHLY,マネタリーベース,20260303,201003,964571
MABS1AN11,マネタリーベース平均残高,億円,MONTHLY,マネタリーベース,20260303,201004,983836
MABS1AN11,マネタリーベース平均残高,億円,MONTHLY,マネタリーベース,20260303,201005,984323
MABS1AN11,マネタリーベース平均残高,億円,MONTHLY,マネタリーベース,20260303,201006,970240
MABS1AN11,マネタリーベース平均残高,億円,MONTHLY,マネタリーベース,20260303,201007,989359
MABS1AN11,マネタリーベース平均残高,億円,MONTHLY,マネタリーベース,20260303,201008,983995
MABS1AN11,マネタリーベース平均残高,億円,MONTHLY,マネタリーベース,20260303,201009,977173
MABS1AN11,マネタリーベース平均残高,億円,MONTHLY,マネタリーベース,20260303,201010,988248
MABS1AN11,マネタリーベース平均残高,億円,MONTHLY,マネタリーベース,20260303,201011,991866
MABS1AN11,マネタリーベース平均残高,億円,MONTHLY,マネタリーベース,20260303,201012,1040238
MABS1AN11,マネタリーベース平均残高,億円,MONTHLY,マネタリーベース,20260303,201101,1034826
MABS1AN11,マネタリーベース平均残高,億円,MONTHLY,マネタリーベース,20260303,201102,1010039
MABS1AN11,マネタリーベース平均残高,億円,MONTHLY,マネタリーベース,20260303,201103,1127432
MABS1AN11,マネタリーベース平均残高,億円,MONTHLY,マネタリーベース,20260303,201104,1218934
MABS1AN11,マネタリーベース平均残高,億円,MONTHLY,マネタリーベース,20260303,201105,1144208
MABS1AN11,マネタリーベース平均残高,億円,MONTHLY,マネタリーベース,20260303,201106,1134780
MABS1AN11,マネタリーベース平均残高,億円,MONTHLY,マネタリーベース,20260303,201107,1137324
MABS1AN11,マネタリーベース平均残高,億円,MONTHLY,マネタリーベース,20260303,201108,1140447
MABS1AN11,マネタリーベース平均残高,億円,MONTHLY,マネタリーベース,20260303,201109,1140181
MABS1AN11,マネタリーベース平均残高,億円,MONTHLY,マネタリーベース,20260303,201110,1156428
MABS1AN11,マネタリーベース平均残高,億円,MONTHLY,マネタリーベース,20260303,201111,1184978
MABS1AN11,マネタリーベース平均残高,億円,MONTHLY,マネタリーベース,20260303,201112,1180195
MABS1AN11,マネタリーベース平均残高,億円,MONTHLY,マネタリーベース,20260303,201201,1189656
MABS1AN11,マネタリーベース平均残高,億円,MONTHLY,マネタリーベース,20260303,201202,1124409
MABS1AN11,マネタリーベース平均残高,億円,MONTHLY,マネタリーベース,20260303,201203,1124618
MABS1AN11,マネタリーベース平均残高,億円,MONTHLY,マネタリーベース,20260303,201204,1215003
MABS1AN11,マネタリーベース平均残高,億円,MONTHLY,マネタリーベース,20260303,201205,1171210
MABS1AN11,マネタリーベース平均残高,億円,MONTHLY,マネタリーベース,20260303,201206,1202142
MABS1AN11,マネタリーベース平均残高,億円,MONTHLY,マネタリーベース,20260303,201207,1235010
MABS1AN11,マネタリーベース平均残高,億円,MONTHLY,マネタリーベース,20260303,201208,1214626
MABS1AN11,マネタリーベース平均残高,億円,MONTHLY,マネタリーベース,20260303,201209,1243261
MABS1AN11,マネタリーベース平均残高,億円,MONTHLY,マネタリーベース,20260303,201210,1281344
MABS1AN11,マネタリーベース平均残高,億円,MONTHLY,マネタリーベース,20260303,201211,1244449
MABS1AN11,マネタリーベース平均残高,億円,MONTHLY,マネタリーベース,20260303,201212,1319837
MABS1AN11,マネタリーベース平均残高,億円,MONTHLY,マネタリーベース,20260303,201301,1319205
MABS1AN11,マネタリーベース平均残高,億円,MONTHLY,マネタリーベース,20260303,201302,1293148
MABS1AN11,マネタリーベース平均残高,億円,MONTHLY,マネタリーベース,20260303,201303,1347413
MABS1AN11,マネタリーベース平均残高,億円,MONTHLY,マネタリーベース,20260303,201304,1495975
MABS1AN11,マネタリーベース平均残高,億円,MONTHLY,マネタリーベース,20260303,201305,1541412
MABS1AN11,マネタリーベース平均残高,億円,MONTHLY,マネタリーベース,20260303,201306,1635375
MABS1AN11,マネタリーベース平均残高,億円,MONTHLY,マネタリーベース,20260303,201307,1703890
MABS1AN11,マネタリーベース平均残高,億円,MONTHLY,マネタリーベース,20260303,201308,1724437
MABS1AN11,マネタリーベース平均残高,億円,MONTHLY,マネタリーベース,20260303,201309,1817012
MABS1AN11,マネタリーベース平均残高,億円,MONTHLY,マネタリーベース,20260303,201310,1868687
MABS1AN11,マネタリーベース平均残高,億円,MONTHLY,マネタリーベース,20260303,201311,1897244
MABS1AN11,マネタリーベース平均残高,億円,MONTHLY,マネタリーベース,20260303,201312,1934594
MABS1AN11,マネタリーベース平均残高,億円,MONTHLY,マネタリーベース,20260303,201401,2004141
MABS1AN11,マネタリーベース平均残高,億円,MONTHLY,マネタリーベース,20260303,201402,2013223
MABS1AN11,マネタリーベース平均残高,億円,MONTHLY,マネタリーベース,20260303,201403,2085929
MABS1AN11,マネタリーベース平均残高,億円,MONTHLY,マネタリーベース,20260303,201404,2220795
MABS1AN11,マネタリーベース平均残高,億円,MONTHLY,マネタリーベース,20260303,201405,2243719
MABS1AN11,マネタリーベース平均残高,億円,MONTHLY,マネタリーベース,20260303,201406,2332465
MABS1AN11,マネタリーベース平均残高,億円,MONTHLY,マネタリーベース,20260303,201407,2431068
MABS1AN11,マネタリーベース平均残高,億円,MONTHLY,マネタリーベース,20260303,201408,2423138
MABS1AN11,マネタリーベース平均残高,億円,MONTHLY,マネタリーベース,20260303,201409,2458169
MABS1AN11,マネタリーベース平均残高,億円,MONTHLY,マネタリーベース,20260303,201410,2557542
MABS1AN11,マネタリーベース平均残高,億円,MONTHLY,マネタリーベース,20260303,201411,2593603
MABS1AN11,マネタリーベース平均残高,億円,MONTHLY,マネタリーベース,20260303,201412,2674016
MABS1AN11,マネタリーベース平均残高,億円,MONTHLY,マネタリーベース,20260303,201501,2753859
MABS1AN11,マネタリーベース平均残高,億円,MONTHLY,マネタリーベース,20260303,201502,2752617
MABS1AN11,マネタリーベース平均残高,億円,MONTHLY,マネタリーベース,20260303,201503,2821182
MABS1AN11,マネタリーベース平均残高,億円,MONTHLY,マネタリーベース,20260303,201504,3003275
MABS1AN11,マネタリーベース平均残高,億円,MONTHLY,マネタリーベース,20260303,201505,3043476
MABS1AN11,マネタリーベース平均残高,億円,MONTHLY,マネタリーベース,20260303,201506,3130770
MABS1AN11,マネタリーベース平均残高,億円,MONTHLY,マネタリーベース,20260303,201507,3228211
MABS1AN11,マネタリーベース平均残高,億円,MONTHLY,マネタリーベース,20260303,201508,3229269
MABS1AN11,マネタリーベース平均残高,億円,MONTHLY,マネタリーベース,20260303,201509,3321941
MABS1AN11,マネタリーベース平均残高,億円,MONTHLY,マネタリーベース,20260303,201510,3388877
MABS1AN11,マネタリーベース平均残高,億円,MONTHLY,マネタリーベース,20260303,201511,3437218
MABS1AN11,マネタリーベース平均残高,億円,MONTHLY,マネタリーベース,20260303,201512,3463793
MABS1AN11,マネタリーベース平均残高,億円,MONTHLY,マネタリーベース,20260303,201601,3551030
MABS1AN11,マネタリーベース平均残高,億円,MONTHLY,マネタリーベース,20260303,201602,3550415
MABS1AN11,マネタリーベース平均残高,億円,MONTHLY,マネタリーベース,20260303,201603,3626050
MABS1AN11,マネタリーベース平均残高,億円,MONTHLY,マネタリーベース,20260303,201604,3808364
MABS1AN11,マネタリーベース平均残高,億円,MONTHLY,マネタリーベース,20260303,201605,3818397
MABS1AN11,マネタリーベース平均残高,億円,MONTHLY,マネタリーベース,20260303,201606,3927119
MABS1AN11,マネタリーベース平均残高,億円,MONTHLY,マネタリーベース,20260303,201607,4024578
MABS1AN11,マネタリーベース平均残高,億円,MONTHLY,マネタリーベース,20260303,201608,4009981
MABS1AN11,マネタリーベース平均残高,億円,MONTHLY,マネタリーベース,20260303,201609,4075081
MABS1AN11,マネタリーベース平均残高,億円,MONTHLY,マネタリーベース,20260303,201610,4138966
MABS1AN11,マネタリーベース平均残高,億円,MONTHLY,マネタリーベース,20260303,201611,4176573
MABS1AN11,マネタリーベース平均残高,億円,MONTHLY,マネタリーベース,20260303,201612,4263922
MABS1AN11,マネタリーベース平均残高,億円,MONTHLY,マネタリーベース,20260303,201701,4352054
MABS1AN11,マネタリーベース平均残高,億円,MONTHLY,マネタリーベース,20260303,201702,4309696
MABS1AN11,マネタリーベース平均残高,億円,MONTHLY,マネタリーベース,20260303,201703,4362634
MABS1AN11,マネタリーベース平均残高,億円,MONTHLY,マネタリーベース,20260303,201704,4562398
MABS1AN11,マネタリーベース平均残高,億円,MONTHLY,マネタリーベース,20260303,201705,4559954
MABS1AN11,マネタリーベース平均残高,億円,MONTHLY,マネタリーベース,20260303,201706,4594854
MABS1AN11,マネタリーベース平均残高,億円,MONTHLY,マネタリーベース,20260303,201707,4650692
MABS1AN11,マネタリーベース平均残高,億円,MONTHLY,マネタリーベース,20260303,201708,4663075
MABS1AN11,マネタリーベース平均残高,億円,MONTHLY,マネタリーベース,20260303,201709,4711205
MABS1AN11,マネタリーベース平均残高,億円,MONTHLY,マネタリーベース,20260303,201710,4738791
MABS1AN11,マネタリーベース平均残高,億円,MONTHLY,マネタリーベース,20260303,201711,4725834
MABS1AN11,マネタリーベース平均残高,億円,MONTHLY,マネタリーベース,20260303,201712,4741265
MABS1AN11,マネタリーベース平均残高,億円,MONTHLY,マネタリーベース,20260303,201801,4772595
MABS1AN11,マネタリーベース平均残高,億円,MONTHLY,マネタリーベース,20260303,201802,4716382
MABS1AN11,マネタリーベース平均残高,億円,MONTHLY,マネタリーベース,20260303,201803,4759328
MABS1AN11,マネタリーベース平均残高,億円,MONTHLY,マネタリーベース,20260303,201804,4920203
MABS1AN11,マネタリーベース平均残高,億円,MONTHLY,マネタリーベース,20260303,201805,4929691
MABS1AN11,マネタリーベース平均残高,億円,MONTHLY,マネタリーベース,20260303,201806,4933638
MABS1AN11,マネタリーベース平均残高,億円,MONTHLY,マネタリーベース,20260303,201807,4976398
MABS1AN11,マネタリーベース平均残高,億円,MONTHLY,マネタリーベース,20260303,201808,4983868
MABS1AN11,マネタリーベース平均残高,億円,MONTHLY,マネタリーベース,20260303,201809,4988216
MABS1AN11,マネタリーベース平均残高,億円,MONTHLY,マネタリーベース,20260303,201810,5016198
MABS1AN11,マネタリーベース平均残高,億円,MONTHLY,マネタリーベース,20260303,201811,5013302
MABS1AN11,マネタリーベース平均残高,億円,MONTHLY,マネタリーベース,20260303,201812,4970034
MABS1AN11,マネタリーベース平均残高,億円,MONTHLY,マネタリーベース,20260303,201901,4997797
MABS1AN11,マネタリーベース平均残高,億円,MONTHLY,マネタリーベース,20260303,201902,4930980
MABS1AN11,マネタリーベース平均残高,億円,MONTHLY,マネタリーベース,20260303,201903,4942027
MABS1AN11,マネタリーベース平均残高,億円,MONTHLY,マネタリーベース,20260303,201904,5073520
MABS1AN11,マネタリーベース平均残高,億円,MONTHLY,マネタリーベース,20260303,201905,5108086
MABS1AN11,マネタリーベース平均残高,億円,MONTHLY,マネタリーベース,20260303,201906,5129912
MABS1AN11,マネタリーベース平均残高,億円,MONTHLY,マネタリーベース,20260303,201907,5160145
MABS1AN11,マネタリーベース平均残高,億円,MONTHLY,マネタリーベース,20260303,201908,5125110
MABS1AN11,マネタリーベース平均残高,億円,MONTHLY,マネタリーベース,20260303,201909,5138266
MABS1AN11,マネタリーベース平均残高,億円,MONTHLY,マネタリーベース,20260303,201910,5171008
MABS1AN11,マネタリーベース平均残高,億円,MONTHLY,マネタリーベース,20260303,201911,5176305
MABS1AN11,マネタリーベース平均残高,億円,MONTHLY,マネタリーベース,20260303,201912,5127767
MABS1AN11,マネタリーベース平均残高,億円,MONTHLY,マネタリーベース,20260303,202001,5141329
MABS1AN11,マネタリーベース平均残高,億円,MONTHLY,マネタリーベース,20260303,202002,5106311
MABS1AN11,マネタリーベース平均残高,億円,MONTHLY,マネタリーベース,20260303,202003,5078486
MABS1AN11,マネタリーベース平均残高,億円,MONTHLY,マネタリーベース,20260303,202004,5189225
MABS1AN11,マネタリーベース平均残高,億円,MONTHLY,マネタリーベース,20260303,202005,5308787
MABS1AN11,マネタリーベース平均残高,億円,MONTHLY,マネタリーベース,20260303,202006,5440233
MABS1AN11,マネタリーベース平均残高,億円,MONTHLY,マネタリーベース,20260303,202007,5667600
MABS1AN11,マネタリーベース平均残高,億円,MONTHLY,マネタリーベース,20260303,202008,5715919
MABS1AN11,マネタリーベース平均残高,億円,MONTHLY,マネタリーベース,20260303,202009,5871952
MABS1AN11,マネタリーベース平均残高,億円,MONTHLY,マネタリーベース,20260303,202010,6012845
MABS1AN11,マネタリーベース平均残高,億円,MONTHLY,マネタリーベース,20260303,202011,6029293
MABS1AN11,マネタリーベース平均残高,億円,MONTHLY,マネタリーベース,20260303,202012,6065491
MABS1AN11,マネタリーベース平均残高,億円,MONTHLY,マネタリーベース,20260303,202101,6114206
MABS1AN11,マネタリーベース平均残高,億円,MONTHLY,マネタリーベース,20260303,202102,6106078
MABS1AN11,マネタリーベース平均残高,億円,MONTHLY,マネタリーベース,20260303,202103,6133816
MABS1AN11,マネタリーベース平均残高,億円,MONTHLY,マネタリーベース,20260303,202104,6448961
MABS1AN11,マネタリーベース平均残高,億円,MONTHLY,マネタリーベース,20260303,202105,6499142
MABS1AN11,マネタリーベース平均残高,億円,MONTHLY,マネタリーベース,20260303,202106,6480471
MABS1AN11,マネタリーベース平均残高,億円,MONTHLY,マネタリーベース,20260303,202107,6541081
MABS1AN11,マネタリーベース平均残高,億円,MONTHLY,マネタリーベース,20260303,202108,6569573
MABS1AN11,マネタリーベース平均残高,億円,MONTHLY,マネタリーベース,20260303,202109,6557964
MABS1AN11,マネタリーベース平均残高,億円,MONTHLY,マネタリーベース,20260303,202110,6607426
MABS1AN11,マネタリーベース平均残高,億円,MONTHLY,マネタリーベース,20260303,202111,6590000
MABS1AN11,マネタリーベース平均残高,億円,MONTHLY,マネタリーベース,20260303,202112,6570831
MABS1AN11,マネタリーベース平均残高,億円,MONTHLY,マネタリーベース,20260303,202201,6627169
MABS1AN11,マネタリーベース平均残高,億円,MONTHLY,マネタリーベース,20260303,202202,6571737
MABS1AN11,マネタリーベース平均残高,億円,MONTHLY,マネタリーベース,20260303,202203,6621323
MABS1AN11,マネタリーベース平均残高,億円,MONTHLY,マネタリーベース,20260303,202204,6874736
MABS1AN11,マネタリーベース平均残高,億円,MONTHLY,マネタリーベース,20260303,202205,6800213
MABS1AN11,マネタリーベース平均残高,億円,MONTHLY,マネタリーベース,20260303,202206,6734841
MABS1AN11,マネタリーベース平均残高,億円,MONTHLY,マネタリーベース,20260303,202207,6722218
MABS1AN11,マネタリーベース平均残高,億円,MONTHLY,マネタリーベース,20260303,202208,6597138
MABS1AN11,マネタリーベース平均残高,億円,MONTHLY,マネタリーベース,20260303,202209,6341934
MABS1AN11,マネタリーベース平均残高,億円,MONTHLY,マネタリーベース,20260303,202210,6152627
MABS1AN11,マネタリーベース平均残高,億円,MONTHLY,マネタリーベース,20260303,202211,6168203
MABS1AN11,マネタリーベース平均残高,億円,MONTHLY,マネタリーベース,20260303,202212,6172224
MABS1AN11,マネタリーベース平均残高,億円,MONTHLY,マネタリーベース,20260303,202301,6376936
MABS1AN11,マネタリーベース平均残高,億円,MONTHLY,マネタリーベース,20260303,202302,6464403
MABS1AN11,マネタリーベース平均残高,億円,MONTHLY,マネタリーベース,20260303,202303,6557809
MABS1AN11,マネタリーベース平均残高,億円,MONTHLY,マネタリーベース,20260303,202304,6759281
MABS1AN11,マネタリーベース平均残高,億円,MONTHLY,マネタリーベース,20260303,202305,6727323
MABS1AN11,マネタリーベース平均残高,億円,MONTHLY,マネタリーベース,20260303,202306,6669938
MABS1AN11,マネタリーベース平均残高,億円,MONTHLY,マネタリーベース,20260303,202307,6633513
MABS1AN11,マネタリーベース平均残高,億円,MONTHLY,マネタリーベース,20260303,202308,6674477
MABS1AN11,マネタリーベース平均残高,億円,MONTHLY,マネタリーベース,20260303,202309,6698608
MABS1AN11,マネタリーベース平均残高,億円,MONTHLY,マネタリーベース,20260303,202310,6706127
MABS1AN11,マネタリーベース平均残高,億円,MONTHLY,マネタリーベース,20260303,202311,6715329
MABS1AN11,マネタリーベース平均残高,億円,MONTHLY,マネタリーベース,20260303,202312,6654863
MABS1AN11,マネタリーベース平均残高,億円,MONTHLY,マネタリーベース,20260303,202401,6680019
MABS1AN11,マネタリーベース平均残高,億円,MONTHLY,マネタリーベース,20260303,202402,6616688
MABS1AN11,マネタリーベース平均残高,億円,MONTHLY,マネタリーベース,20260303,202403,6662400
MABS1AN11,マネタリーベース平均残高,億円,MONTHLY,マネタリーベース,20260303,202404,6898964
MABS1AN11,マネタリーベース平均残高,億円,MONTHLY,マネタリーベース,20260303,202405,6788243
MABS1AN11,マネタリーベース平均残高,億円,MONTHLY,マネタリーベース,20260303,202406,6711098
MABS1AN11,マネタリーベース平均残高,億円,MONTHLY,マネタリーベース,20260303,202407,6701436
MABS1AN11,マネタリーベース平均残高,億円,MONTHLY,マネタリーベース,20260303,202408,6711832
MABS1AN11,マネタリーベース平均残高,億円,MONTHLY,マネタリーベース,20260303,202409,6694463
MABS1AN11,マネタリーベース平均残高,億円,MONTHLY,マネタリーベース,20260303,202410,6688723
MABS1AN11,マネタリーベース平均残高,億円,MONTHLY,マネタリーベース,20260303,202411,6697481
MABS1AN11,マネタリーベース平均残高,億円,MONTHLY,マネタリーベース,20260303,202412,6585240
MABS1AN11,マネタリーベース平均残高,億円,MONTHLY,マネタリーベース,20260303,202501,6511079
MABS1AN11,マネタリーベース平均残高,億円,MONTHLY,マネタリーベース,20260303,202502,6499369
MABS1AN11,マネタリーベース平均残高,億円,MONTHLY,マネタリーベース,20260303,202503,6458519
MABS1AN11,マネタリーベース平均残高,億円,MONTHLY,マネタリーベース,20260303,202504,6569773
MABS1AN11,マネタリーベース平均残高,億円,MONTHLY,マネタリーベース,20260303,202505,6560120
MABS1AN11,マネタリーベース平均残高,億円,MONTHLY,マネタリーベース,20260303,202506,6479525
MABS1AN11,マネタリーベース平均残高,億円,MONTHLY,マネタリーベース,20260303,202507,6438964
MABS1AN11,マネタリーベース平均残高,億円,MONTHLY,マネタリーベース,20260303,202508,6437775
MABS1AN11,マネタリーベース平均残高,億円,MONTHLY,マネタリーベース,20260303,202509,6281080
MABS1AN11,マネタリーベース平均残高,億円,MONTHLY,マネタリーベース,20260303,202510,6165980
MABS1AN11,マネタリーベース平均残高,億円,MONTHLY,マネタリーベース,20260303,202511,6126869
MABS1AN11,マネタリーベース平均残高,億円,MONTHLY,マネタリーベース,20260303,202512,5941943
MABS1AN11,マネタリーベース平均残高,億円,MONTHLY,マネタリーベース,20260303,202601,5894035
MABS1AN11,マネタリーベース平均残高,億円,MONTHLY,マネタリーベース,20260303,202602,5809326
MABS1AN113,マネタリーベース平均残高／うち 日銀当座預金,億円,MONTHLY,マネタリーベース,20260303,198104,23856
MABS1AN113,マネタリーベース平均残高／うち 日銀当座預金,億円,MONTHLY,マネタリーベース,20260303,198105,21036
MABS1AN113,マネタリーベース平均残高／うち 日銀当座預金,億円,MONTHLY,マネタリーベース,20260303,198106,20992
MABS1AN113,マネタリーベース平均残高／うち 日銀当座預金,億円,MONTHLY,マネタリーベース,20260303,198107,21265
MABS1AN113,マネタリーベース平均残高／うち 日銀当座預金,億円,MONTHLY,マネタリーベース,20260303,198108,21389
MABS1AN113,マネタリーベース平均残高／うち 日銀当座預金,億円,MONTHLY,マネタリーベース,20260303,198109,21591
MABS1AN113,マネタリーベース平均残高／うち 日銀当座預金,億円,MONTHLY,マネタリーベース,20260303,198110,21974
MABS1AN113,マネタリーベース平均残高／うち 日銀当座預金,億円,MONTHLY,マネタリーベース,20260303,198111,21098
MABS1AN113,マネタリーベース平均残高／うち 日銀当座預金,億円,MONTHLY,マネタリーベース,20260303,198112,21682
MABS1AN113,マネタリーベース平均残高／うち 日銀当座預金,億円,MONTHLY,マネタリーベース,20260303,198201,22806
MABS1AN113,マネタリーベース平均残高／うち 日銀当座預金,億円,MONTHLY,マネタリーベース,20260303,198202,22365
MABS1AN113,マネタリーベース平均残高／うち 日銀当座預金,億円,MONTHLY,マネタリーベース,20260303,198203,21192
MABS1AN113,マネタリーベース平均残高／うち 日銀当座預金,億円,MONTHLY,マネタリーベース,20260303,198204,24325
MABS1AN113,マネタリーベース平均残高／うち 日銀当座預金,億円,MONTHLY,マネタリーベース,20260303,198205,22732
MABS1AN113,マネタリーベース平均残高／うち 日銀当座預金,億円,MONTHLY,マネタリーベース,20260303,198206,23167
MABS1AN113,マネタリーベース平均残高／うち 日銀当座預金,億円,MONTHLY,マネタリーベース,20260303,198207,23592
MABS1AN113,マネタリーベース平均残高／うち 日銀当座預金,億円,MONTHLY,マネタリーベース,20260303,198208,24438
MABS1AN113,マネタリーベース平均残高／うち 日銀当座預金,億円,MONTHLY,マネタリーベース,20260303,198209,23207
MABS1AN113,マネタリーベース平均残高／うち 日銀当座預金,億円,MONTHLY,マネタリーベース,20260303,198210,23905
MABS1AN113,マネタリーベース平均残高／うち 日銀当座預金,億円,MONTHLY,マネタリーベース,20260303,198211,24020
MABS1AN113,マネタリーベース平均残高／うち 日銀当座預金,億円,MONTHLY,マネタリーベース,20260303,198212,24261
MABS1AN113,マネタリーベース平均残高／うち 日銀当座預金,億円,MONTHLY,マネタリーベース,20260303,198301,24084
MABS1AN113,マネタリーベース平均残高／うち 日銀当座預金,億円,MONTHLY,マネタリーベース,20260303,198302,24604
MABS1AN113,マネタリーベース平均残高／うち 日銀当座預金,億円,MONTHLY,マネタリーベース,20260303,198303,24795
MABS1AN113,マネタリーベース平均残高／うち 日銀当座預金,億円,MONTHLY,マネタリーベース,20260303,198304,24050
MABS1AN113,マネタリーベース平均残高／うち 日銀当座預金,億円,MONTHLY,マネタリーベース,20260303,198305,25025
MABS1AN113,マネタリーベース平均残高／うち 日銀当座預金,億円,MONTHLY,マネタリーベース,20260303,198306,24788
MABS1AN113,マネタリーベース平均残高／うち 日銀当座預金,億円,MONTHLY,マネタリーベース,20260303,198307,24142
MABS1AN113,マネタリーベース平均残高／うち 日銀当座預金,億円,MONTHLY,マネタリーベース,20260303,198308,25487
MABS1AN113,マネタリーベース平均残高／うち 日銀当座預金,億円,MONTHLY,マネタリーベース,20260303,198309,23492
MABS1AN113,マネタリーベース平均残高／うち 日銀当座預金,億円,MONTHLY,マネタリーベース,20260303,198310,25554
MABS1AN113,マネタリーベース平均残高／うち 日銀当座預金,億円,MONTHLY,マネタリーベース,20260303,198311,24735
MABS1AN113,マネタリーベース平均残高／うち 日銀当座預金,億円,MONTHLY,マネタリーベース,20260303,198312,25823
MABS1AN113,マネタリーベース平均残高／うち 日銀当座預金,億円,MONTHLY,マネタリーベース,20260303,198401,25652
MABS1AN113,マネタリーベース平均残高／うち 日銀当座預金,億円,MONTHLY,マネタリーベース,20260303,198402,26256
MABS1AN113,マネタリーベース平均残高／うち 日銀当座預金,億円,MONTHLY,マネタリーベース,20260303,198403,25323
MABS1AN113,マネタリーベース平均残高／うち 日銀当座預金,億円,MONTHLY,マネタリーベース,20260303,198404,26663
MABS1AN113,マネタリーベース平均残高／うち 日銀当座預金,億円,MONTHLY,マネタリーベース,20260303,198405,26566
MABS1AN113,マネタリーベース平均残高／うち 日銀当座預金,億円,MONTHLY,マネタリーベース,20260303,198406,26066
MABS1AN113,マネタリーベース平均残高／うち 日銀当座預金,億円,MONTHLY,マネタリーベース,20260303,198407,26426
MABS1AN113,マネタリーベース平均残高／うち 日銀当座預金,億円,MONTHLY,マネタリーベース,20260303,198408,27060
MABS1AN113,マネタリーベース平均残高／うち 日銀当座預金,億円,MONTHLY,マネタリーベース,20260303,198409,27369
MABS1AN113,マネタリーベース平均残高／うち 日銀当座預金,億円,MONTHLY,マネタリーベース,20260303,198410,26450
MABS1AN113,マネタリーベース平均残高／うち 日銀当座預金,億円,MONTHLY,マネタリーベース,20260303,198411,30065
MABS1AN113,マネタリーベース平均残高／うち 日銀当座預金,億円,MONTHLY,マネタリーベース,20260303,198412,24880
MABS1AN113,マネタリーベース平均残高／うち 日銀当座預金,億円,MONTHLY,マネタリーベース,20260303,198501,28815
MABS1AN113,マネタリーベース平均残高／うち 日銀当座預金,億円,MONTHLY,マネタリーベース,20260303,198502,28189
MABS1AN113,マネタリーベース平均残高／うち 日銀当座預金,億円,MONTHLY,マネタリーベース,20260303,198503,29092
MABS1AN113,マネタリーベース平均残高／うち 日銀当座預金,億円,MONTHLY,マネタリーベース,20260303,198504,29004
MABS1AN113,マネタリーベース平均残高／うち 日銀当座預金,億円,MONTHLY,マネタリーベース,20260303,198505,28903
MABS1AN113,マネタリーベース平均残高／うち 日銀当座預金,億円,MONTHLY,マネタリーベース,20260303,198506,28694
MABS1AN113,マネタリーベース平均残高／うち 日銀当座預金,億円,MONTHLY,マネタリーベース,20260303,198507,29435
MABS1AN113,マネタリーベース平均残高／うち 日銀当座預金,億円,MONTHLY,マネタリーベース,20260303,198508,29623
MABS1AN113,マネタリーベース平均残高／うち 日銀当座預金,億円,MONTHLY,マネタリーベース,20260303,198509,29028
MABS1AN113,マネタリーベース平均残高／うち 日銀当座預金,億円,MONTHLY,マネタリーベース,20260303,198510,28768
MABS1AN113,マネタリーベース平均残高／うち 日銀当座預金,億円,MONTHLY,マネタリーベース,20260303,198511,31055
MABS1AN113,マネタリーベース平均残高／うち 日銀当座預金,億円,MONTHLY,マネタリーベース,20260303,198512,29095
MABS1AN113,マネタリーベース平均残高／うち 日銀当座預金,億円,MONTHLY,マネタリーベース,20260303,198601,31776
MABS1AN113,マネタリーベース平均残高／うち 日銀当座預金,億円,MONTHLY,マネタリーベース,20260303,198602,31509
MABS1AN113,マネタリーベース平均残高／うち 日銀当座預金,億円,MONTHLY,マネタリーベース,20260303,198603,30964
MABS1AN113,マネタリーベース平均残高／うち 日銀当座預金,億円,MONTHLY,マネタリーベース,20260303,198604,31372
MABS1AN113,マネタリーベース平均残高／うち 日銀当座預金,億円,MONTHLY,マネタリーベース,20260303,198605,32764
MABS1AN113,マネタリーベース平均残高／うち 日銀当座預金,億円,MONTHLY,マネタリーベース,20260303,198606,31789
MABS1AN113,マネタリーベース平均残高／うち 日銀当座預金,億円,MONTHLY,マネタリーベース,20260303,198607,28159
MABS1AN113,マネタリーベース平均残高／うち 日銀当座預金,億円,MONTHLY,マネタリーベース,20260303,198608,24992
MABS1AN113,マネタリーベース平均残高／うち 日銀当座預金,億円,MONTHLY,マネタリーベース,20260303,198609,26067
MABS1AN113,マネタリーベース平均残高／うち 日銀当座預金,億円,MONTHLY,マネタリーベース,20260303,198610,25485
MABS1AN113,マネタリーベース平均残高／うち 日銀当座預金,億円,MONTHLY,マネタリーベース,20260303,198611,26372
MABS1AN113,マネタリーベース平均残高／うち 日銀当座預金,億円,MONTHLY,マネタリーベース,20260303,198612,26337
MABS1AN113,マネタリーベース平均残高／うち 日銀当座預金,億円,MONTHLY,マネタリーベース,20260303,198701,26549
MABS1AN113,マネタリーベース平均残高／うち 日銀当座預金,億円,MONTHLY,マネタリーベース,20260303,198702,29145
MABS1AN113,マネタリーベース平均残高／うち 日銀当座預金,億円,MONTHLY,マネタリーベース,20260303,198703,28636
MABS1AN113,マネタリーベース平均残高／うち 日銀当座預金,億円,MONTHLY,マネタリーベース,20260303,198704,28434
MABS1AN113,マネタリーベース平均残高／うち 日銀当座預金,億円,MONTHLY,マネタリーベース,20260303,198705,29702
MABS1AN113,マネタリーベース平均残高／うち 日銀当座預金,億円,MONTHLY,マネタリーベース,20260303,198706,31013
MABS1AN113,マネタリーベース平均残高／うち 日銀当座預金,億円,MONTHLY,マネタリーベース,20260303,198707,31122
MABS1AN113,マネタリーベース平均残高／うち 日銀当座預金,億円,MONTHLY,マネタリーベース,20260303,198708,29789
MABS1AN113,マネタリーベース平均残高／うち 日銀当座預金,億円,MONTHLY,マネタリーベース,20260303,198709,30755
MABS1AN113,マネタリーベース平均残高／うち 日銀当座預金,億円,MONTHLY,マネタリーベース,20260303,198710,31087
MABS1AN113,マネタリーベース平均残高／うち 日銀当座預金,億円,MONTHLY,マネタリーベース,20260303,198711,31364
MABS1AN113,マネタリーベース平均残高／うち 日銀当座預金,億円,MONTHLY,マネタリーベース,20260303,198712,32704
MABS1AN113,マネタリーベース平均残高／うち 日銀当座預金,億円,MONTHLY,マネタリーベース,20260303,198801,33303
MABS1AN113,マネタリーベース平均残高／うち 日銀当座預金,億円,MONTHLY,マネタリーベース,20260303,198802,32765
MABS1AN113,マネタリーベース平均残高／うち 日銀当座預金,億円,MONTHLY,マネタリーベース,20260303,198803,33601
MABS1AN113,マネタリーベース平均残高／うち 日銀当座預金,億円,MONTHLY,マネタリーベース,20260303,198804,34095
MABS1AN113,マネタリーベース平均残高／うち 日銀当座預金,億円,MONTHLY,マネタリーベース,20260303,198805,35523
MABS1AN113,マネタリーベース平均残高／うち 日銀当座預金,億円,MONTHLY,マネタリーベース,20260303,198806,34136
MABS1AN113,マネタリーベース平均残高／うち 日銀当座預金,億円,MONTHLY,マネタリーベース,20260303,198807,36245
MABS1AN113,マネタリーベース平均残高／うち 日銀当座預金,億円,MONTHLY,マネタリーベース,20260303,198808,35822
MABS1AN113,マネタリーベース平均残高／うち 日銀当座預金,億円,MONTHLY,マネタリーベース,20260303,198809,37751
MABS1AN113,マネタリーベース平均残高／うち 日銀当座預金,億円,MONTHLY,マネタリーベース,20260303,198810,37190
MABS1AN113,マネタリーベース平均残高／うち 日銀当座預金,億円,MONTHLY,マネタリーベース,20260303,198811,38680
MABS1AN113,マネタリーベース平均残高／うち 日銀当座預金,億円,MONTHLY,マネタリーベース,20260303,198812,35603
MABS1AN113,マネタリーベース平均残高／うち 日銀当座預金,億円,MONTHLY,マネタリーベース,20260303,198901,40183
MABS1AN113,マネタリーベース平均残高／うち 日銀当座預金,億円,MONTHLY,マネタリーベース,20260303,198902,37630
MABS1AN113,マネタリーベース平均残高／うち 日銀当座預金,億円,MONTHLY,マネタリーベース,20260303,198903,39101
MABS1AN113,マネタリーベース平均残高／うち 日銀当座預金,億円,MONTHLY,マネタリーベース,20260303,198904,41568
MABS1AN113,マネタリーベース平均残高／うち 日銀当座預金,億円,MONTHLY,マネタリーベース,20260303,198905,41193
MABS1AN113,マネタリーベース平均残高／うち 日銀当座預金,億円,MONTHLY,マネタリーベース,20260303,198906,39881
MABS1AN113,マネタリーベース平均残高／うち 日銀当座預金,億円,MONTHLY,マネタリーベース,20260303,198907,40061
MABS1AN113,マネタリーベース平均残高／うち 日銀当座預金,億円,MONTHLY,マネタリーベース,20260303,198908,43112
MABS1AN113,マネタリーベース平均残高／うち 日銀当座預金,億円,MONTHLY,マネタリーベース,20260303,198909,41334
MABS1AN113,マネタリーベース平均残高／うち 日銀当座預金,億円,MONTHLY,マネタリーベース,20260303,198910,44085
MABS1AN113,マネタリーベース平均残高／うち 日銀当座預金,億円,MONTHLY,マネタリーベース,20260303,198911,44201
MABS1AN113,マネタリーベース平均残高／うち 日銀当座預金,億円,MONTHLY,マネタリーベース,20260303,198912,44941
MABS1AN113,マネタリーベース平均残高／うち 日銀当座預金,億円,MONTHLY,マネタリーベース,20260303,199001,46086
MABS1AN113,マネタリーベース平均残高／うち 日銀当座預金,億円,MONTHLY,マネタリーベース,20260303,199002,47582
MABS1AN113,マネタリーベース平均残高／うち 日銀当座預金,億円,MONTHLY,マネタリーベース,20260303,199003,48238
MABS1AN113,マネタリーベース平均残高／うち 日銀当座預金,億円,MONTHLY,マネタリーベース,20260303,199004,46176
MABS1AN113,マネタリーベース平均残高／うち 日銀当座預金,億円,MONTHLY,マネタリーベース,20260303,199005,47704
MABS1AN113,マネタリーベース平均残高／うち 日銀当座預金,億円,MONTHLY,マネタリーベース,20260303,199006,47984
MABS1AN113,マネタリーベース平均残高／うち 日銀当座預金,億円,MONTHLY,マネタリーベース,20260303,199007,50448
MABS1AN113,マネタリーベース平均残高／うち 日銀当座預金,億円,MONTHLY,マネタリーベース,20260303,199008,51783
MABS1AN113,マネタリーベース平均残高／うち 日銀当座預金,億円,MONTHLY,マネタリーベース,20260303,199009,50013
MABS1AN113,マネタリーベース平均残高／うち 日銀当座預金,億円,MONTHLY,マネタリーベース,20260303,199010,46311
MABS1AN113,マネタリーベース平均残高／うち 日銀当座預金,億円,MONTHLY,マネタリーベース,20260303,199011,48501
MABS1AN113,マネタリーベース平均残高／うち 日銀当座預金,億円,MONTHLY,マネタリーベース,20260303,199012,50272
MABS1AN113,マネタリーベース平均残高／うち 日銀当座預金,億円,MONTHLY,マネタリーベース,20260303,199101,48973
MABS1AN113,マネタリーベース平均残高／うち 日銀当座預金,億円,MONTHLY,マネタリーベース,20260303,199102,46523
MABS1AN113,マネタリーベース平均残高／うち 日銀当座預金,億円,MONTHLY,マネタリーベース,20260303,199103,52446
MABS1AN113,マネタリーベース平均残高／うち 日銀当座預金,億円,MONTHLY,マネタリーベース,20260303,199104,50031
MABS1AN113,マネタリーベース平均残高／うち 日銀当座預金,億円,MONTHLY,マネタリーベース,20260303,199105,49082
MABS1AN113,マネタリーベース平均残高／うち 日銀当座預金,億円,MONTHLY,マネタリーベース,20260303,199106,49424
MABS1AN113,マネタリーベース平均残高／うち 日銀当座預金,億円,MONTHLY,マネタリーベース,20260303,199107,48901
MABS1AN113,マネタリーベース平均残高／うち 日銀当座預金,億円,MONTHLY,マネタリーベース,20260303,199108,49531
MABS1AN113,マネタリーベース平均残高／うち 日銀当座預金,億円,MONTHLY,マネタリーベース,20260303,199109,46966
MABS1AN113,マネタリーベース平均残高／うち 日銀当座預金,億円,MONTHLY,マネタリーベース,20260303,199110,42094
MABS1AN113,マネタリーベース平均残高／うち 日銀当座預金,億円,MONTHLY,マネタリーベース,20260303,199111,34370
MABS1AN113,マネタリーベース平均残高／うち 日銀当座預金,億円,MONTHLY,マネタリーベース,20260303,199112,30872
MABS1AN113,マネタリーベース平均残高／うち 日銀当座預金,億円,MONTHLY,マネタリーベース,20260303,199201,27216
MABS1AN113,マネタリーベース平均残高／うち 日銀当座預金,億円,MONTHLY,マネタリーベース,20260303,199202,30371
MABS1AN113,マネタリーベース平均残高／うち 日銀当座預金,億円,MONTHLY,マネタリーベース,20260303,199203,29109
MABS1AN113,マネタリーベース平均残高／うち 日銀当座預金,億円,MONTHLY,マネタリーベース,20260303,199204,29893
MABS1AN113,マネタリーベース平均残高／うち 日銀当座預金,億円,MONTHLY,マネタリーベース,20260303,199205,29023
MABS1AN113,マネタリーベース平均残高／うち 日銀当座預金,億円,MONTHLY,マネタリーベース,20260303,199206,28856
MABS1AN113,マネタリーベース平均残高／うち 日銀当座預金,億円,MONTHLY,マネタリーベース,20260303,199207,28679
MABS1AN113,マネタリーベース平均残高／うち 日銀当座預金,億円,MONTHLY,マネタリーベース,20260303,199208,28621
MABS1AN113,マネタリーベース平均残高／うち 日銀当座預金,億円,MONTHLY,マネタリーベース,20260303,199209,30392
MABS1AN113,マネタリーベース平均残高／うち 日銀当座預金,億円,MONTHLY,マネタリーベース,20260303,199210,27583
MABS1AN113,マネタリーベース平均残高／うち 日銀当座預金,億円,MONTHLY,マネタリーベース,20260303,199211,28931
MABS1AN113,マネタリーベース平均残高／うち 日銀当座預金,億円,MONTHLY,マネタリーベース,20260303,199212,29234
MABS1AN113,マネタリーベース平均残高／うち 日銀当座預金,億円,MONTHLY,マネタリーベース,20260303,199301,27825
MABS1AN113,マネタリーベース平均残高／うち 日銀当座預金,億円,MONTHLY,マネタリーベース,20260303,199302,29765
MABS1AN113,マネタリーベース平均残高／うち 日銀当座預金,億円,MONTHLY,マネタリーベース,20260303,199303,29649
MABS1AN113,マネタリーベース平均残高／うち 日銀当座預金,億円,MONTHLY,マネタリーベース,20260303,199304,28475
MABS1AN113,マネタリーベース平均残高／うち 日銀当座預金,億円,MONTHLY,マネタリーベース,20260303,199305,30025
MABS1AN113,マネタリーベース平均残高／うち 日銀当座預金,億円,MONTHLY,マネタリーベース,20260303,199306,29129
MABS1AN113,マネタリーベース平均残高／うち 日銀当座預金,億円,MONTHLY,マネタリーベース,20260303,199307,29298
MABS1AN113,マネタリーベース平均残高／うち 日銀当座預金,億円,MONTHLY,マネタリーベース,20260303,199308,29419
MABS1AN113,マネタリーベース平均残高／うち 日銀当座預金,億円,MONTHLY,マネタリーベース,20260303,199309,28745
MABS1AN113,マネタリーベース平均残高／うち 日銀当座預金,億円,MONTHLY,マネタリーベース,20260303,199310,30130
MABS1AN113,マネタリーベース平均残高／うち 日銀当座預金,億円,MONTHLY,マネタリーベース,20260303,199311,29342
MABS1AN113,マネタリーベース平均残高／うち 日銀当座預金,億円,MONTHLY,マネタリーベース,20260303,199312,29544
MABS1AN113,マネタリーベース平均残高／うち 日銀当座預金,億円,MONTHLY,マネタリーベース,20260303,199401,29620
MABS1AN113,マネタリーベース平均残高／うち 日銀当座預金,億円,MONTHLY,マネタリーベース,20260303,199402,29639
MABS1AN113,マネタリーベース平均残高／うち 日銀当座預金,億円,MONTHLY,マネタリーベース,20260303,199403,30182
MABS1AN113,マネタリーベース平均残高／うち 日銀当座預金,億円,MONTHLY,マネタリーベース,20260303,199404,29588
MABS1AN113,マネタリーベース平均残高／うち 日銀当座預金,億円,MONTHLY,マネタリーベース,20260303,199405,30914
MABS1AN113,マネタリーベース平均残高／うち 日銀当座預金,億円,MONTHLY,マネタリーベース,20260303,199406,29428
MABS1AN113,マネタリーベース平均残高／うち 日銀当座預金,億円,MONTHLY,マネタリーベース,20260303,199407,29656
MABS1AN113,マネタリーベース平均残高／うち 日銀当座預金,億円,MONTHLY,マネタリーベース,20260303,199408,30366
MABS1AN113,マネタリーベース平均残高／うち 日銀当座預金,億円,MONTHLY,マネタリーベース,20260303,199409,29746
MABS1AN113,マネタリーベース平均残高／うち 日銀当座預金,億円,MONTHLY,マネタリーベース,20260303,199410,30338
MABS1AN113,マネタリーベース平均残高／うち 日銀当座預金,億円,MONTHLY,マネタリーベース,20260303,199411,29874
MABS1AN113,マネタリーベース平均残高／うち 日銀当座預金,億円,MONTHLY,マネタリーベース,20260303,199412,30265
MABS1AN113,マネタリーベース平均残高／うち 日銀当座預金,億円,MONTHLY,マネタリーベース,20260303,199501,30588
MABS1AN113,マネタリーベース平均残高／うち 日銀当座預金,億円,MONTHLY,マネタリーベース,20260303,199502,29336
MABS1AN113,マネタリーベース平均残高／うち 日銀当座預金,億円,MONTHLY,マネタリーベース,20260303,199503,31077
MABS1AN113,マネタリーベース平均残高／うち 日銀当座預金,億円,MONTHLY,マネタリーベース,20260303,199504,31760
MABS1AN113,マネタリーベース平均残高／うち 日銀当座預金,億円,MONTHLY,マネタリーベース,20260303,199505,30699
MABS1AN113,マネタリーベース平均残高／うち 日銀当座預金,億円,MONTHLY,マネタリーベース,20260303,199506,30273
MABS1AN113,マネタリーベース平均残高／うち 日銀当座預金,億円,MONTHLY,マネタリーベース,20260303,199507,30845
MABS1AN113,マネタリーベース平均残高／うち 日銀当座預金,億円,MONTHLY,マネタリーベース,20260303,199508,31526
MABS1AN113,マネタリーベース平均残高／うち 日銀当座預金,億円,MONTHLY,マネタリーベース,20260303,199509,31516
MABS1AN113,マネタリーベース平均残高／うち 日銀当座預金,億円,MONTHLY,マネタリーベース,20260303,199510,31605
MABS1AN113,マネタリーベース平均残高／うち 日銀当座預金,億円,MONTHLY,マネタリーベース,20260303,199511,31422
MABS1AN113,マネタリーベース平均残高／うち 日銀当座預金,億円,MONTHLY,マネタリーベース,20260303,199512,31797
MABS1AN113,マネタリーベース平均残高／うち 日銀当座預金,億円,MONTHLY,マネタリーベース,20260303,199601,32243
MABS1AN113,マネタリーベース平均残高／うち 日銀当座預金,億円,MONTHLY,マネタリーベース,20260303,199602,33172
MABS1AN113,マネタリーベース平均残高／うち 日銀当座預金,億円,MONTHLY,マネタリーベース,20260303,199603,31320
MABS1AN113,マネタリーベース平均残高／うち 日銀当座預金,億円,MONTHLY,マネタリーベース,20260303,199604,33348
MABS1AN113,マネタリーベース平均残高／うち 日銀当座預金,億円,MONTHLY,マネタリーベース,20260303,199605,32320
MABS1AN113,マネタリーベース平均残高／うち 日銀当座預金,億円,MONTHLY,マネタリーベース,20260303,199606,32702
MABS1AN113,マネタリーベース平均残高／うち 日銀当座預金,億円,MONTHLY,マネタリーベース,20260303,199607,33714
MABS1AN113,マネタリーベース平均残高／うち 日銀当座預金,億円,MONTHLY,マネタリーベース,20260303,199608,31294
MABS1AN113,マネタリーベース平均残高／うち 日銀当座預金,億円,MONTHLY,マネタリーベース,20260303,199609,32876
MABS1AN113,マネタリーベース平均残高／うち 日銀当座預金,億円,MONTHLY,マネタリーベース,20260303,199610,32885
MABS1AN113,マネタリーベース平均残高／うち 日銀当座預金,億円,MONTHLY,マネタリーベース,20260303,199611,33134
MABS1AN113,マネタリーベース平均残高／うち 日銀当座預金,億円,MONTHLY,マネタリーベース,20260303,199612,33418
MABS1AN113,マネタリーベース平均残高／うち 日銀当座預金,億円,MONTHLY,マネタリーベース,20260303,199701,34207
MABS1AN113,マネタリーベース平均残高／うち 日銀当座預金,億円,MONTHLY,マネタリーベース,20260303,199702,33761
MABS1AN113,マネタリーベース平均残高／うち 日銀当座預金,億円,MONTHLY,マネタリーベース,20260303,199703,33553
MABS1AN113,マネタリーベース平均残高／うち 日銀当座預金,億円,MONTHLY,マネタリーベース,20260303,199704,34220
MABS1AN113,マネタリーベース平均残高／うち 日銀当座預金,億円,MONTHLY,マネタリーベース,20260303,199705,33582
MABS1AN113,マネタリーベース平均残高／うち 日銀当座預金,億円,MONTHLY,マネタリーベース,20260303,199706,34563
MABS1AN113,マネタリーベース平均残高／うち 日銀当座預金,億円,MONTHLY,マネタリーベース,20260303,199707,34783
MABS1AN113,マネタリーベース平均残高／うち 日銀当座預金,億円,MONTHLY,マネタリーベース,20260303,199708,33536
MABS1AN113,マネタリーベース平均残高／うち 日銀当座預金,億円,MONTHLY,マネタリーベース,20260303,199709,35168
MABS1AN113,マネタリーベース平均残高／うち 日銀当座預金,億円,MONTHLY,マネタリーベース,20260303,199710,33887
MABS1AN113,マネタリーベース平均残高／うち 日銀当座預金,億円,MONTHLY,マネタリーベース,20260303,199711,37759
MABS1AN113,マネタリーベース平均残高／うち 日銀当座預金,億円,MONTHLY,マネタリーベース,20260303,199712,36906
MABS1AN113,マネタリーベース平均残高／うち 日銀当座預金,億円,MONTHLY,マネタリーベース,20260303,199801,36622
MABS1AN113,マネタリーベース平均残高／うち 日銀当座預金,億円,MONTHLY,マネタリーベース,20260303,199802,36885
MABS1AN113,マネタリーベース平均残高／うち 日銀当座預金,億円,MONTHLY,マネタリーベース,20260303,199803,35413
MABS1AN113,マネタリーベース平均残高／うち 日銀当座預金,億円,MONTHLY,マネタリーベース,20260303,199804,35938
MABS1AN113,マネタリーベース平均残高／うち 日銀当座預金,億円,MONTHLY,マネタリーベース,20260303,199805,35346
MABS1AN113,マネタリーベース平均残高／うち 日銀当座預金,億円,MONTHLY,マネタリーベース,20260303,199806,40056
MABS1AN113,マネタリーベース平均残高／うち 日銀当座預金,億円,MONTHLY,マネタリーベース,20260303,199807,33834
MABS1AN113,マネタリーベース平均残高／うち 日銀当座預金,億円,MONTHLY,マネタリーベース,20260303,199808,37208
MABS1AN113,マネタリーベース平均残高／うち 日銀当座預金,億円,MONTHLY,マネタリーベース,20260303,199809,38471
MABS1AN113,マネタリーベース平均残高／うち 日銀当座預金,億円,MONTHLY,マネタリーベース,20260303,199810,38806
MABS1AN113,マネタリーベース平均残高／うち 日銀当座預金,億円,MONTHLY,マネタリーベース,20260303,199811,36331
MABS1AN113,マネタリーベース平均残高／うち 日銀当座預金,億円,MONTHLY,マネタリーベース,20260303,199812,39551
MABS1AN113,マネタリーベース平均残高／うち 日銀当座預金,億円,MONTHLY,マネタリーベース,20260303,199901,38125
MABS1AN113,マネタリーベース平均残高／うち 日銀当座預金,億円,MONTHLY,マネタリーベース,20260303,199902,40205
MABS1AN113,マネタリーベース平均残高／うち 日銀当座預金,億円,MONTHLY,マネタリーベース,20260303,199903,44936
MABS1AN113,マネタリーベース平均残高／うち 日銀当座預金,億円,MONTHLY,マネタリーベース,20260303,199904,46891
MABS1AN113,マネタリーベース平均残高／うち 日銀当座預金,億円,MONTHLY,マネタリーベース,20260303,199905,46998
MABS1AN113,マネタリーベース平均残高／うち 日銀当座預金,億円,MONTHLY,マネタリーベース,20260303,199906,46746
MABS1AN113,マネタリーベース平均残高／うち 日銀当座預金,億円,MONTHLY,マネタリーベース,20260303,199907,47994
MABS1AN113,マネタリーベース平均残高／うち 日銀当座預金,億円,MONTHLY,マネタリーベース,20260303,199908,48873
MABS1AN113,マネタリーベース平均残高／うち 日銀当座預金,億円,MONTHLY,マネタリーベース,20260303,199909,49891
MABS1AN113,マネタリーベース平均残高／うち 日銀当座預金,億円,MONTHLY,マネタリーベース,20260303,199910,47528
MABS1AN113,マネタリーベース平均残高／うち 日銀当座預金,億円,MONTHLY,マネタリーベース,20260303,199911,48439
MABS1AN113,マネタリーベース平均残高／うち 日銀当座預金,億円,MONTHLY,マネタリーベース,20260303,199912,71627
MABS1AN113,マネタリーベース平均残高／うち 日銀当座預金,億円,MONTHLY,マネタリーベース,20260303,200001,114035
MABS1AN113,マネタリーベース平均残高／うち 日銀当座預金,億円,MONTHLY,マネタリーベース,20260303,200002,56760
MABS1AN113,マネタリーベース平均残高／うち 日銀当座預金,億円,MONTHLY,マネタリーベース,20260303,200003,67932
MABS1AN113,マネタリーベース平均残高／うち 日銀当座預金,億円,MONTHLY,マネタリーベース,20260303,200004,63286
MABS1AN113,マネタリーベース平均残高／うち 日銀当座預金,億円,MONTHLY,マネタリーベース,20260303,200005,52207
MABS1AN113,マネタリーベース平均残高／うち 日銀当座預金,億円,MONTHLY,マネタリーベース,20260303,200006,50879
MABS1AN113,マネタリーベース平均残高／うち 日銀当座預金,億円,MONTHLY,マネタリーベース,20260303,200007,53323
MABS1AN113,マネタリーベース平均残高／うち 日銀当座預金,億円,MONTHLY,マネタリーベース,20260303,200008,47265
MABS1AN113,マネタリーベース平均残高／うち 日銀当座預金,億円,MONTHLY,マネタリーベース,20260303,200009,39710
MABS1AN113,マネタリーベース平均残高／うち 日銀当座預金,億円,MONTHLY,マネタリーベース,20260303,200010,38232
MABS1AN113,マネタリーベース平均残高／うち 日銀当座預金,億円,MONTHLY,マネタリーベース,20260303,200011,38897
MABS1AN113,マネタリーベース平均残高／うち 日銀当座預金,億円,MONTHLY,マネタリーベース,20260303,200012,42036
MABS1AN113,マネタリーベース平均残高／うち 日銀当座預金,億円,MONTHLY,マネタリーベース,20260303,200101,49913
MABS1AN113,マネタリーベース平均残高／うち 日銀当座預金,億円,MONTHLY,マネタリーベース,20260303,200102,42336
MABS1AN113,マネタリーベース平均残高／うち 日銀当座預金,億円,MONTHLY,マネタリーベース,20260303,200103,45394
MABS1AN113,マネタリーベース平均残高／うち 日銀当座預金,億円,MONTHLY,マネタリーベース,20260303,200104,50885
MABS1AN113,マネタリーベース平均残高／うち 日銀当座預金,億円,MONTHLY,マネタリーベース,20260303,200105,50757
MABS1AN113,マネタリーベース平均残高／うち 日銀当座預金,億円,MONTHLY,マネタリーベース,20260303,200106,50821
MABS1AN113,マネタリーベース平均残高／うち 日銀当座預金,億円,MONTHLY,マネタリーベース,20260303,200107,51016
MABS1AN113,マネタリーベース平均残高／うち 日銀当座預金,億円,MONTHLY,マネタリーベース,20260303,200108,55642
MABS1AN113,マネタリーベース平均残高／うち 日銀当座預金,億円,MONTHLY,マネタリーベース,20260303,200109,80824
MABS1AN113,マネタリーベース平均残高／うち 日銀当座預金,億円,MONTHLY,マネタリーベース,20260303,200110,85540
MABS1AN113,マネタリーベース平均残高／うち 日銀当座預金,億円,MONTHLY,マネタリーベース,20260303,200111,92093
MABS1AN113,マネタリーベース平均残高／うち 日銀当座預金,億円,MONTHLY,マネタリーベース,20260303,200112,108051
MABS1AN113,マネタリーベース平均残高／うち 日銀当座預金,億円,MONTHLY,マネタリーベース,20260303,200201,149865
MABS1AN113,マネタリーベース平均残高／うち 日銀当座預金,億円,MONTHLY,マネタリーベース,20260303,200202,150328
MABS1AN113,マネタリーベース平均残高／うち 日銀当座預金,億円,MONTHLY,マネタリーベース,20260303,200203,175518
MABS1AN113,マネタリーベース平均残高／うち 日銀当座預金,億円,MONTHLY,マネタリーベース,20260303,200204,199864
MABS1AN113,マネタリーベース平均残高／うち 日銀当座預金,億円,MONTHLY,マネタリーベース,20260303,200205,156612
MABS1AN113,マネタリーベース平均残高／うち 日銀当座預金,億円,MONTHLY,マネタリーベース,20260303,200206,150415
MABS1AN113,マネタリーベース平均残高／うち 日銀当座預金,億円,MONTHLY,マネタリーベース,20260303,200207,149491
MABS1AN113,マネタリーベース平均残高／うち 日銀当座預金,億円,MONTHLY,マネタリーベース,20260303,200208,151299
MABS1AN113,マネタリーベース平均残高／うち 日銀当座預金,億円,MONTHLY,マネタリーベース,20260303,200209,152045
MABS1AN113,マネタリーベース平均残高／うち 日銀当座預金,億円,MONTHLY,マネタリーベース,20260303,200210,152212
MABS1AN113,マネタリーベース平均残高／うち 日銀当座預金,億円,MONTHLY,マネタリーベース,20260303,200211,180940
MABS1AN113,マネタリーベース平均残高／うち 日銀当座預金,億円,MONTHLY,マネタリーベース,20260303,200212,197901
MABS1AN113,マネタリーベース平均残高／うち 日銀当座預金,億円,MONTHLY,マネタリーベース,20260303,200301,201250
MABS1AN113,マネタリーベース平均残高／うち 日銀当座預金,億円,MONTHLY,マネタリーベース,20260303,200302,200858
MABS1AN113,マネタリーベース平均残高／うち 日銀当座預金,億円,MONTHLY,マネタリーベース,20260303,200303,228332
MABS1AN113,マネタリーベース平均残高／うち 日銀当座預金,億円,MONTHLY,マネタリーベース,20260303,200304,274157
MABS1AN113,マネタリーベース平均残高／うち 日銀当座預金,億円,MONTHLY,マネタリーベース,20260303,200305,270292
MABS1AN113,マネタリーベース平均残高／うち 日銀当座預金,億円,MONTHLY,マネタリーベース,20260303,200306,288500
MABS1AN113,マネタリーベース平均残高／うち 日銀当座預金,億円,MONTHLY,マネタリーベース,20260303,200307,289139
MABS1AN113,マネタリーベース平均残高／うち 日銀当座預金,億円,MONTHLY,マネタリーベース,20260303,200308,292585
MABS1AN113,マネタリーベース平均残高／うち 日銀当座預金,億円,MONTHLY,マネタリーベース,20260303,200309,296788
MABS1AN113,マネタリーベース平均残高／うち 日銀当座預金,億円,MONTHLY,マネタリーベース,20260303,200310,297070
MABS1AN113,マネタリーベース平均残高／うち 日銀当座預金,億円,MONTHLY,マネタリーベース,20260303,200311,300204
MABS1AN113,マネタリーベース平均残高／うち 日銀当座預金,億円,MONTHLY,マネタリーベース,20260303,200312,299718
MABS1AN113,マネタリーベース平均残高／うち 日銀当座預金,億円,MONTHLY,マネタリーベース,20260303,200401,312033
MABS1AN113,マネタリーベース平均残高／うち 日銀当座預金,億円,MONTHLY,マネタリーベース,20260303,200402,331991
MABS1AN113,マネタリーベース平均残高／うち 日銀当座預金,億円,MONTHLY,マネタリーベース,20260303,200403,330488
MABS1AN113,マネタリーベース平均残高／うち 日銀当座預金,億円,MONTHLY,マネタリーベース,20260303,200404,330181
MABS1AN113,マネタリーベース平均残高／うち 日銀当座預金,億円,MONTHLY,マネタリーベース,20260303,200405,332104
MABS1AN113,マネタリーベース平均残高／うち 日銀当座預金,億円,MONTHLY,マネタリーベース,20260303,200406,326309
MABS1AN113,マネタリーベース平均残高／うち 日銀当座預金,億円,MONTHLY,マネタリーベース,20260303,200407,329679
MABS1AN113,マネタリーベース平均残高／うち 日銀当座預金,億円,MONTHLY,マネタリーベース,20260303,200408,331496
MABS1AN113,マネタリーベース平均残高／うち 日銀当座預金,億円,MONTHLY,マネタリーベース,20260303,200409,329292
MABS1AN113,マネタリーベース平均残高／うち 日銀当座預金,億円,MONTHLY,マネタリーベース,20260303,200410,324975
MABS1AN113,マネタリーベース平均残高／うち 日銀当座預金,億円,MONTHLY,マネタリーベース,20260303,200411,325099
MABS1AN113,マネタリーベース平均残高／うち 日銀当座預金,億円,MONTHLY,マネタリーベース,20260303,200412,326367
MABS1AN113,マネタリーベース平均残高／うち 日銀当座預金,億円,MONTHLY,マネタリーベース,20260303,200501,334166
MABS1AN113,マネタリーベース平均残高／うち 日銀当座預金,億円,MONTHLY,マネタリーベース,20260303,200502,326784
MABS1AN113,マネタリーベース平均残高／うち 日銀当座預金,億円,MONTHLY,マネタリーベース,20260303,200503,325719
MABS1AN113,マネタリーベース平均残高／うち 日銀当座預金,億円,MONTHLY,マネタリーベース,20260303,200504,330324
MABS1AN113,マネタリーベース平均残高／うち 日銀当座預金,億円,MONTHLY,マネタリーベース,20260303,200505,327343
MABS1AN113,マネタリーベース平均残高／うち 日銀当座預金,億円,MONTHLY,マネタリーベース,20260303,200506,319601
MABS1AN113,マネタリーベース平均残高／うち 日銀当座預金,億円,MONTHLY,マネタリーベース,20260303,200507,320817
MABS1AN113,マネタリーベース平均残高／うち 日銀当座預金,億円,MONTHLY,マネタリーベース,20260303,200508,321237
MABS1AN113,マネタリーベース平均残高／うち 日銀当座預金,億円,MONTHLY,マネタリーベース,20260303,200509,329000
MABS1AN113,マネタリーベース平均残高／うち 日銀当座預金,億円,MONTHLY,マネタリーベース,20260303,200510,334937
MABS1AN113,マネタリーベース平均残高／うち 日銀当座預金,億円,MONTHLY,マネタリーベース,20260303,200511,333352
MABS1AN113,マネタリーベース平均残高／うち 日銀当座預金,億円,MONTHLY,マネタリーベース,20260303,200512,322486
MABS1AN113,マネタリーベース平均残高／うち 日銀当座預金,億円,MONTHLY,マネタリーベース,20260303,200601,336289
MABS1AN113,マネタリーベース平均残高／うち 日銀当座預金,億円,MONTHLY,マネタリーベース,20260303,200602,330879
MABS1AN113,マネタリーベース平均残高／うち 日銀当座預金,億円,MONTHLY,マネタリーベース,20260303,200603,304396
MABS1AN113,マネタリーベース平均残高／うち 日銀当座預金,億円,MONTHLY,マネタリーベース,20260303,200604,247613
MABS1AN113,マネタリーベース平均残高／うち 日銀当座預金,億円,MONTHLY,マネタリーベース,20260303,200605,151672
MABS1AN113,マネタリーベース平均残高／うち 日銀当座預金,億円,MONTHLY,マネタリーベース,20260303,200606,135173
MABS1AN113,マネタリーベース平均残高／うち 日銀当座預金,億円,MONTHLY,マネタリーベース,20260303,200607,119884
MABS1AN113,マネタリーベース平均残高／うち 日銀当座預金,億円,MONTHLY,マネタリーベース,20260303,200608,90511
MABS1AN113,マネタリーベース平均残高／うち 日銀当座預金,億円,MONTHLY,マネタリーベース,20260303,200609,87854
MABS1AN113,マネタリーベース平均残高／うち 日銀当座預金,億円,MONTHLY,マネタリーベース,20260303,200610,91240
MABS1AN113,マネタリーベース平均残高／うち 日銀当座預金,億円,MONTHLY,マネタリーベース,20260303,200611,78599
MABS1AN113,マネタリーベース平均残高／うち 日銀当座預金,億円,MONTHLY,マネタリーベース,20260303,200612,92552
MABS1AN113,マネタリーベース平均残高／うち 日銀当座預金,億円,MONTHLY,マネタリーベース,20260303,200701,90102
MABS1AN113,マネタリーベース平均残高／うち 日銀当座預金,億円,MONTHLY,マネタリーベース,20260303,200702,85799
MABS1AN113,マネタリーベース平均残高／うち 日銀当座預金,億円,MONTHLY,マネタリーベース,20260303,200703,85517
MABS1AN113,マネタリーベース平均残高／うち 日銀当座預金,億円,MONTHLY,マネタリーベース,20260303,200704,110903
MABS1AN113,マネタリーベース平均残高／うち 日銀当座預金,億円,MONTHLY,マネタリーベース,20260303,200705,88833
MABS1AN113,マネタリーベース平均残高／うち 日銀当座預金,億円,MONTHLY,マネタリーベース,20260303,200706,84826
MABS1AN113,マネタリーベース平均残高／うち 日銀当座預金,億円,MONTHLY,マネタリーベース,20260303,200707,86870
MABS1AN113,マネタリーベース平均残高／うち 日銀当座預金,億円,MONTHLY,マネタリーベース,20260303,200708,86757
MABS1AN113,マネタリーベース平均残高／うち 日銀当座預金,億円,MONTHLY,マネタリーベース,20260303,200709,82780
MABS1AN113,マネタリーベース平均残高／うち 日銀当座預金,億円,MONTHLY,マネタリーベース,20260303,200710,82631
MABS1AN113,マネタリーベース平均残高／うち 日銀当座預金,億円,MONTHLY,マネタリーベース,20260303,200711,74838
MABS1AN113,マネタリーベース平均残高／うち 日銀当座預金,億円,MONTHLY,マネタリーベース,20260303,200712,82224
MABS1AN113,マネタリーベース平均残高／うち 日銀当座預金,億円,MONTHLY,マネタリーベース,20260303,200801,77152
MABS1AN113,マネタリーベース平均残高／うち 日銀当座預金,億円,MONTHLY,マネタリーベース,20260303,200802,77834
MABS1AN113,マネタリーベース平均残高／うち 日銀当座預金,億円,MONTHLY,マネタリーベース,20260303,200803,79222
MABS1AN113,マネタリーベース平均残高／うち 日銀当座預金,億円,MONTHLY,マネタリーベース,20260303,200804,80654
MABS1AN113,マネタリーベース平均残高／うち 日銀当座預金,億円,MONTHLY,マネタリーベース,20260303,200805,74649
MABS1AN113,マネタリーベース平均残高／うち 日銀当座預金,億円,MONTHLY,マネタリーベース,20260303,200806,82960
MABS1AN113,マネタリーベース平均残高／うち 日銀当座預金,億円,MONTHLY,マネタリーベース,20260303,200807,76150
MABS1AN113,マネタリーベース平均残高／うち 日銀当座預金,億円,MONTHLY,マネタリーベース,20260303,200808,78009
MABS1AN113,マネタリーベース平均残高／うち 日銀当座預金,億円,MONTHLY,マネタリーベース,20260303,200809,87262
MABS1AN113,マネタリーベース平均残高／うち 日銀当座預金,億円,MONTHLY,マネタリーベース,20260303,200810,88459
MABS1AN113,マネタリーベース平均残高／うち 日銀当座預金,億円,MONTHLY,マネタリーベース,20260303,200811,83274
MABS1AN113,マネタリーベース平均残高／うち 日銀当座預金,億円,MONTHLY,マネタリーベース,20260303,200812,94319
MABS1AN113,マネタリーベース平均残高／うち 日銀当座預金,億円,MONTHLY,マネタリーベース,20260303,200901,109378
MABS1AN113,マネタリーベース平均残高／うち 日銀当座預金,億円,MONTHLY,マネタリーベース,20260303,200902,129083
MABS1AN113,マネタリーベース平均残高／うち 日銀当座預金,億円,MONTHLY,マネタリーベース,20260303,200903,133936
MABS1AN113,マネタリーベース平均残高／うち 日銀当座預金,億円,MONTHLY,マネタリーベース,20260303,200904,146111
MABS1AN113,マネタリーベース平均残高／うち 日銀当座預金,億円,MONTHLY,マネタリーベース,20260303,200905,135616
MABS1AN113,マネタリーベース平均残高／うち 日銀当座預金,億円,MONTHLY,マネタリーベース,20260303,200906,132382
MABS1AN113,マネタリーベース平均残高／うち 日銀当座預金,億円,MONTHLY,マネタリーベース,20260303,200907,124288
MABS1AN113,マネタリーベース平均残高／うち 日銀当座預金,億円,MONTHLY,マネタリーベース,20260303,200908,128370
MABS1AN113,マネタリーベース平均残高／うち 日銀当座預金,億円,MONTHLY,マネタリーベース,20260303,200909,119996
MABS1AN113,マネタリーベース平均残高／うち 日銀当座預金,億円,MONTHLY,マネタリーベース,20260303,200910,127196
MABS1AN113,マネタリーベース平均残高／うち 日銀当座預金,億円,MONTHLY,マネタリーベース,20260303,200911,119375
MABS1AN113,マネタリーベース平均残高／うち 日銀当座預金,億円,MONTHLY,マネタリーベース,20260303,200912,144903
MABS1AN113,マネタリーベース平均残高／うち 日銀当座預金,億円,MONTHLY,マネタリーベース,20260303,201001,156860
MABS1AN113,マネタリーベース平均残高／うち 日銀当座預金,億円,MONTHLY,マネタリーベース,20260303,201002,148834
MABS1AN113,マネタリーベース平均残高／うち 日銀当座預金,億円,MONTHLY,マネタリーベース,20260303,201003,151287
MABS1AN113,マネタリーベース平均残高／うち 日銀当座預金,億円,MONTHLY,マネタリーベース,20260303,201004,167404
MABS1AN113,マネタリーベース平均残高／うち 日銀当座預金,億円,MONTHLY,マネタリーベース,20260303,201005,166680
MABS1AN113,マネタリーベース平均残高／うち 日銀当座預金,億円,MONTHLY,マネタリーベース,20260303,201006,161079
MABS1AN113,マネタリーベース平均残高／うち 日銀当座預金,億円,MONTHLY,マネタリーベース,20260303,201007,173788
MABS1AN113,マネタリーベース平均残高／うち 日銀当座預金,億円,MONTHLY,マネタリーベース,20260303,201008,170379
MABS1AN113,マネタリーベース平均残高／うち 日銀当座預金,億円,MONTHLY,マネタリーベース,20260303,201009,166128
MABS1AN113,マネタリーベース平均残高／うち 日銀当座預金,億円,MONTHLY,マネタリーベース,20260303,201010,175564
MABS1AN113,マネタリーベース平均残高／うち 日銀当座預金,億円,MONTHLY,マネタリーベース,20260303,201011,175848
MABS1AN113,マネタリーベース平均残高／うち 日銀当座預金,億円,MONTHLY,マネタリーベース,20260303,201012,197892
MABS1AN113,マネタリーベース平均残高／うち 日銀当座預金,億円,MONTHLY,マネタリーベース,20260303,201101,195315
MABS1AN113,マネタリーベース平均残高／うち 日銀当座預金,億円,MONTHLY,マネタリーベース,20260303,201102,183568
MABS1AN113,マネタリーベース平均残高／うち 日銀当座預金,億円,MONTHLY,マネタリーベース,20260303,201103,285498
MABS1AN113,マネタリーベース平均残高／うち 日銀当座預金,億円,MONTHLY,マネタリーベース,20260303,201104,374003
MABS1AN113,マネタリーベース平均残高／うち 日銀当座預金,億円,MONTHLY,マネタリーベース,20260303,201105,304210
MABS1AN113,マネタリーベース平均残高／うち 日銀当座預金,億円,MONTHLY,マネタリーベース,20260303,201106,304710
MABS1AN113,マネタリーベース平均残高／うち 日銀当座預金,億円,MONTHLY,マネタリーベース,20260303,201107,301126
MABS1AN113,マネタリーベース平均残高／うち 日銀当座預金,億円,MONTHLY,マネタリーベース,20260303,201108,305702
MABS1AN113,マネタリーベース平均残高／うち 日銀当座預金,億円,MONTHLY,マネタリーベース,20260303,201109,307103
MABS1AN113,マネタリーベース平均残高／うち 日銀当座預金,億円,MONTHLY,マネタリーベース,20260303,201110,324157
MABS1AN113,マネタリーベース平均残高／うち 日銀当座預金,億円,MONTHLY,マネタリーベース,20260303,201111,350151
MABS1AN113,マネタリーベース平均残高／うち 日銀当座預金,億円,MONTHLY,マネタリーベース,20260303,201112,319111
MABS1AN113,マネタリーベース平均残高／うち 日銀当座預金,億円,MONTHLY,マネタリーベース,20260303,201201,331728
MABS1AN113,マネタリーベース平均残高／うち 日銀当座預金,億円,MONTHLY,マネタリーベース,20260303,201202,280484
MABS1AN113,マネタリーベース平均残高／うち 日銀当座預金,億円,MONTHLY,マネタリーベース,20260303,201203,275106
MABS1AN113,マネタリーベース平均残高／うち 日銀当座預金,億円,MONTHLY,マネタリーベース,20260303,201204,363191
MABS1AN113,マネタリーベース平均残高／うち 日銀当座預金,億円,MONTHLY,マネタリーベース,20260303,201205,318611
MABS1AN113,マネタリーベース平均残高／うち 日銀当座預金,億円,MONTHLY,マネタリーベース,20260303,201206,355032
MABS1AN113,マネタリーベース平均残高／うち 日銀当座預金,億円,MONTHLY,マネタリーベース,20260303,201207,380501
MABS1AN113,マネタリーベース平均残高／うち 日銀当座預金,億円,MONTHLY,マネタリーベース,20260303,201208,360747
MABS1AN113,マネタリーベース平均残高／うち 日銀当座預金,億円,MONTHLY,マネタリーベース,20260303,201209,391947
MABS1AN113,マネタリーベース平均残高／うち 日銀当座預金,億円,MONTHLY,マネタリーベース,20260303,201210,428428
MABS1AN113,マネタリーベース平均残高／うち 日銀当座預金,億円,MONTHLY,マネタリーベース,20260303,201211,388277
MABS1AN113,マネタリーベース平均残高／うち 日銀当座預金,億円,MONTHLY,マネタリーベース,20260303,201212,435567
MABS1AN113,マネタリーベース平均残高／うち 日銀当座預金,億円,MONTHLY,マネタリーベース,20260303,201301,435197
MABS1AN113,マネタリーベース平均残高／うち 日銀当座預金,億円,MONTHLY,マネタリーベース,20260303,201302,424196
MABS1AN113,マネタリーベース平均残高／うち 日銀当座預金,億円,MONTHLY,マネタリーベース,20260303,201303,473674
MABS1AN113,マネタリーベース平均残高／うち 日銀当座預金,億円,MONTHLY,マネタリーベース,20260303,201304,619433
MABS1AN113,マネタリーベース平均残高／うち 日銀当座預金,億円,MONTHLY,マネタリーベース,20260303,201305,663050
MABS1AN113,マネタリーベース平均残高／うち 日銀当座預金,億円,MONTHLY,マネタリーベース,20260303,201306,761590
MABS1AN113,マネタリーベース平均残高／うち 日銀当座預金,億円,MONTHLY,マネタリーベース,20260303,201307,823519
MABS1AN113,マネタリーベース平均残高／うち 日銀当座預金,億円,MONTHLY,マネタリーベース,20260303,201308,843254
MABS1AN113,マネタリーベース平均残高／うち 日銀当座預金,億円,MONTHLY,マネタリーベース,20260303,201309,937486
MABS1AN113,マネタリーベース平均残高／うち 日銀当座預金,億円,MONTHLY,マネタリーベース,20260303,201310,987576
MABS1AN113,マネタリーベース平均残高／うち 日銀当座預金,億円,MONTHLY,マネタリーベース,20260303,201311,1011535
MABS1AN113,マネタリーベース平均残高／うち 日銀当座預金,億円,MONTHLY,マネタリーベース,20260303,201312,1018478
MABS1AN113,マネタリーベース平均残高／うち 日銀当座預金,億円,MONTHLY,マネタリーベース,20260303,201401,1086710
MABS1AN113,マネタリーベース平均残高／うち 日銀当座預金,億円,MONTHLY,マネタリーベース,20260303,201402,1112480
MABS1AN113,マネタリーベース平均残高／うち 日銀当座預金,億円,MONTHLY,マネタリーベース,20260303,201403,1178882
MABS1AN113,マネタリーベース平均残高／うち 日銀当座預金,億円,MONTHLY,マネタリーベース,20260303,201404,1314470
MABS1AN113,マネタリーベース平均残高／うち 日銀当座預金,億円,MONTHLY,マネタリーベース,20260303,201405,1336433
MABS1AN113,マネタリーベース平均残高／うち 日銀当座預金,億円,MONTHLY,マネタリーベース,20260303,201406,1430031
MABS1AN113,マネタリーベース平均残高／うち 日銀当座預金,億円,MONTHLY,マネタリーベース,20260303,201407,1521889
MABS1AN113,マネタリーベース平均残高／うち 日銀当座預金,億円,MONTHLY,マネタリーベース,20260303,201408,1512314
MABS1AN113,マネタリーベース平均残高／うち 日銀当座預金,億円,MONTHLY,マネタリーベース,20260303,201409,1549156
MABS1AN113,マネタリーベース平均残高／うち 日銀当座預金,億円,MONTHLY,マネタリーベース,20260303,201410,1646186
MABS1AN113,マネタリーベース平均残高／うち 日銀当座預金,億円,MONTHLY,マネタリーベース,20260303,201411,1676452
MABS1AN113,マネタリーベース平均残高／うち 日銀当座預金,億円,MONTHLY,マネタリーベース,20260303,201412,1726512
MABS1AN113,マネタリーベース平均残高／うち 日銀当座預金,億円,MONTHLY,マネタリーベース,20260303,201501,1805957
MABS1AN113,マネタリーベース平均残高／うち 日銀当座預金,億円,MONTHLY,マネタリーベース,20260303,201502,1819484
MABS1AN113,マネタリーベース平均残高／うち 日銀当座預金,億円,MONTHLY,マネタリーベース,20260303,201503,1882382
MABS1AN113,マネタリーベース平均残高／うち 日銀当座預金,億円,MONTHLY,マネタリーベース,20260303,201504,2061602
MABS1AN113,マネタリーベース平均残高／うち 日銀当座預金,億円,MONTHLY,マネタリーベース,20260303,201505,2097476
MABS1AN113,マネタリーベース平均残高／うち 日銀当座預金,億円,MONTHLY,マネタリーベース,20260303,201506,2187786
MABS1AN113,マネタリーベース平均残高／うち 日銀当座預金,億円,MONTHLY,マネタリーベース,20260303,201507,2275161
MABS1AN113,マネタリーベース平均残高／うち 日銀当座預金,億円,MONTHLY,マネタリーベース,20260303,201508,2272613
MABS1AN113,マネタリーベース平均残高／うち 日銀当座預金,億円,MONTHLY,マネタリーベース,20260303,201509,2361564
MABS1AN113,マネタリーベース平均残高／うち 日銀当座預金,億円,MONTHLY,マネタリーベース,20260303,201510,2424597
MABS1AN113,マネタリーベース平均残高／うち 日銀当座預金,億円,MONTHLY,マネタリーベース,20260303,201511,2465776
MABS1AN113,マネタリーベース平均残高／うち 日銀当座預金,億円,MONTHLY,マネタリーベース,20260303,201512,2461375
MABS1AN113,マネタリーベース平均残高／うち 日銀当座預金,億円,MONTHLY,マネタリーベース,20260303,201601,2547249
MABS1AN113,マネタリーベース平均残高／うち 日銀当座預金,億円,MONTHLY,マネタリーベース,20260303,201602,2558817
MABS1AN113,マネタリーベース平均残高／うち 日銀当座預金,億円,MONTHLY,マネタリーベース,20260303,201603,2627502
MABS1AN113,マネタリーベース平均残高／うち 日銀当座預金,億円,MONTHLY,マネタリーベース,20260303,201604,2805584
MABS1AN113,マネタリーベース平均残高／うち 日銀当座預金,億円,MONTHLY,マネタリーベース,20260303,201605,2813656
MABS1AN113,マネタリーベース平均残高／うち 日銀当座預金,億円,MONTHLY,マネタリーベース,20260303,201606,2928396
MABS1AN113,マネタリーベース平均残高／うち 日銀当座預金,億円,MONTHLY,マネタリーベース,20260303,201607,3017768
MABS1AN113,マネタリーベース平均残高／うち 日銀当座預金,億円,MONTHLY,マネタリーベース,20260303,201608,3000575
MABS1AN113,マネタリーベース平均残高／うち 日銀当座預金,億円,MONTHLY,マネタリーベース,20260303,201609,3066602
MABS1AN113,マネタリーベース平均残高／うち 日銀当座預金,億円,MONTHLY,マネタリーベース,20260303,201610,3127923
MABS1AN113,マネタリーベース平均残高／うち 日銀当座預金,億円,MONTHLY,マネタリーベース,20260303,201611,3160874
MABS1AN113,マネタリーベース平均残高／うち 日銀当座預金,億円,MONTHLY,マネタリーベース,20260303,201612,3218408
MABS1AN113,マネタリーベース平均残高／うち 日銀当座預金,億円,MONTHLY,マネタリーベース,20260303,201701,3304487
MABS1AN113,マネタリーベース平均残高／うち 日銀当座預金,億円,MONTHLY,マネタリーベース,20260303,201702,3274851
MABS1AN113,マネタリーベース平均残高／うち 日銀当座預金,億円,MONTHLY,マネタリーベース,20260303,201703,3320877
MABS1AN113,マネタリーベース平均残高／うち 日銀当座預金,億円,MONTHLY,マネタリーベース,20260303,201704,3518542
MABS1AN113,マネタリーベース平均残高／うち 日銀当座預金,億円,MONTHLY,マネタリーベース,20260303,201705,3512682
MABS1AN113,マネタリーベース平均残高／うち 日銀当座預金,億円,MONTHLY,マネタリーベース,20260303,201706,3551751
MABS1AN113,マネタリーベース平均残高／うち 日銀当座預金,億円,MONTHLY,マネタリーベース,20260303,201707,3599452
MABS1AN113,マネタリーベース平均残高／うち 日銀当座預金,億円,MONTHLY,マネタリーベース,20260303,201708,3607896
MABS1AN113,マネタリーベース平均残高／うち 日銀当座預金,億円,MONTHLY,マネタリーベース,20260303,201709,3658174
MABS1AN113,マネタリーベース平均残高／うち 日銀当座預金,億円,MONTHLY,マネタリーベース,20260303,201710,3682270
MABS1AN113,マネタリーベース平均残高／うち 日銀当座預金,億円,MONTHLY,マネタリーベース,20260303,201711,3663521
MABS1AN113,マネタリーベース平均残高／うち 日銀当座預金,億円,MONTHLY,マネタリーベース,20260303,201712,3651425
MABS1AN113,マネタリーベース平均残高／うち 日銀当座預金,億円,MONTHLY,マネタリーベース,20260303,201801,3680235
MABS1AN113,マネタリーベース平均残高／うち 日銀当座預金,億円,MONTHLY,マネタリーベース,20260303,201802,3635595
MABS1AN113,マネタリーベース平均残高／うち 日銀当座預金,億円,MONTHLY,マネタリーベース,20260303,201803,3674066
MABS1AN113,マネタリーベース平均残高／うち 日銀当座預金,億円,MONTHLY,マネタリーベース,20260303,201804,3833311
MABS1AN113,マネタリーベース平均残高／うち 日銀当座預金,億円,MONTHLY,マネタリーベース,20260303,201805,3841615
MABS1AN113,マネタリーベース平均残高／うち 日銀当座預金,億円,MONTHLY,マネタリーベース,20260303,201806,3848228
MABS1AN113,マネタリーベース平均残高／うち 日銀当座預金,億円,MONTHLY,マネタリーベース,20260303,201807,3883878
MABS1AN113,マネタリーベース平均残高／うち 日銀当座預金,億円,MONTHLY,マネタリーベース,20260303,201808,3889556
MABS1AN113,マネタリーベース平均残高／うち 日銀当座預金,億円,MONTHLY,マネタリーベース,20260303,201809,3894618
MABS1AN113,マネタリーベース平均残高／うち 日銀当座預金,億円,MONTHLY,マネタリーベース,20260303,201810,3921148
MABS1AN113,マネタリーベース平均残高／うち 日銀当座預金,億円,MONTHLY,マネタリーベース,20260303,201811,3914601
MABS1AN113,マネタリーベース平均残高／うち 日銀当座預金,億円,MONTHLY,マネタリーベース,20260303,201812,3844459
MABS1AN113,マネタリーベース平均残高／うち 日銀当座預金,億円,MONTHLY,マネタリーベース,20260303,201901,3869959
MABS1AN113,マネタリーベース平均残高／うち 日銀当座預金,億円,MONTHLY,マネタリーベース,20260303,201902,3816276
MABS1AN113,マネタリーベース平均残高／うち 日銀当座預金,億円,MONTHLY,マネタリーベース,20260303,201903,3821401
MABS1AN113,マネタリーベース平均残高／うち 日銀当座預金,億円,MONTHLY,マネタリーベース,20260303,201904,3937713
MABS1AN113,マネタリーベース平均残高／うち 日銀当座預金,億円,MONTHLY,マネタリーベース,20260303,201905,3971398
MABS1AN113,マネタリーベース平均残高／うち 日銀当座預金,億円,MONTHLY,マネタリーベース,20260303,201906,4011631
MABS1AN113,マネタリーベース平均残高／うち 日銀当座預金,億円,MONTHLY,マネタリーベース,20260303,201907,4036991
MABS1AN113,マネタリーベース平均残高／うち 日銀当座預金,億円,MONTHLY,マネタリーベース,20260303,201908,4001821
MABS1AN113,マネタリーベース平均残高／うち 日銀当座預金,億円,MONTHLY,マネタリーベース,20260303,201909,4018207
MABS1AN113,マネタリーベース平均残高／うち 日銀当座預金,億円,MONTHLY,マネタリーベース,20260303,201910,4050807
MABS1AN113,マネタリーベース平均残高／うち 日銀当座預金,億円,MONTHLY,マネタリーベース,20260303,201911,4053420
MABS1AN113,マネタリーベース平均残高／うち 日銀当座預金,億円,MONTHLY,マネタリーベース,20260303,201912,3978815
MABS1AN113,マネタリーベース平均残高／うち 日銀当座預金,億円,MONTHLY,マネタリーベース,20260303,202001,3988351
MABS1AN113,マネタリーベース平均残高／うち 日銀当座預金,億円,MONTHLY,マネタリーベース,20260303,202002,3968992
MABS1AN113,マネタリーベース平均残高／うち 日銀当座預金,億円,MONTHLY,マネタリーベース,20260303,202003,3936670
MABS1AN113,マネタリーベース平均残高／うち 日銀当座預金,億円,MONTHLY,マネタリーベース,20260303,202004,4036185
MABS1AN113,マネタリーベース平均残高／うち 日銀当座預金,億円,MONTHLY,マネタリーベース,20260303,202005,4145354
MABS1AN113,マネタリーベース平均残高／うち 日銀当座預金,億円,MONTHLY,マネタリーベース,20260303,202006,4270415
MABS1AN113,マネタリーベース平均残高／うち 日銀当座預金,億円,MONTHLY,マネタリーベース,20260303,202007,4481294
MABS1AN113,マネタリーベース平均残高／うち 日銀当座預金,億円,MONTHLY,マネタリーベース,20260303,202008,4529021
MABS1AN113,マネタリーベース平均残高／うち 日銀当座預金,億円,MONTHLY,マネタリーベース,20260303,202009,4687195
MABS1AN113,マネタリーベース平均残高／うち 日銀当座預金,億円,MONTHLY,マネタリーベース,20260303,202010,4827153
MABS1AN113,マネタリーベース平均残高／うち 日銀当座預金,億円,MONTHLY,マネタリーベース,20260303,202011,4840865
MABS1AN113,マネタリーベース平均残高／うち 日銀当座預金,億円,MONTHLY,マネタリーベース,20260303,202012,4854683
MABS1AN113,マネタリーベース平均残高／うち 日銀当座預金,億円,MONTHLY,マネタリーベース,20260303,202101,4899253
MABS1AN113,マネタリーベース平均残高／うち 日銀当座預金,億円,MONTHLY,マネタリーベース,20260303,202102,4901542
MABS1AN113,マネタリーベース平均残高／うち 日銀当座預金,億円,MONTHLY,マネタリーベース,20260303,202103,4925099
MABS1AN113,マネタリーベース平均残高／うち 日銀当座預金,億円,MONTHLY,マネタリーベース,20260303,202104,5236823
MABS1AN113,マネタリーベース平均残高／うち 日銀当座預金,億円,MONTHLY,マネタリーベース,20260303,202105,5285430
MABS1AN113,マネタリーベース平均残高／うち 日銀当座預金,億円,MONTHLY,マネタリーベース,20260303,202106,5270112
MABS1AN113,マネタリーベース平均残高／うち 日銀当座預金,億円,MONTHLY,マネタリーベース,20260303,202107,5322464
MABS1AN113,マネタリーベース平均残高／うち 日銀当座預金,億円,MONTHLY,マネタリーベース,20260303,202108,5350187
MABS1AN113,マネタリーベース平均残高／うち 日銀当座預金,億円,MONTHLY,マネタリーベース,20260303,202109,5340111
MABS1AN113,マネタリーベース平均残高／うち 日銀当座預金,億円,MONTHLY,マネタリーベース,20260303,202110,5388684
MABS1AN113,マネタリーベース平均残高／うち 日銀当座預金,億円,MONTHLY,マネタリーベース,20260303,202111,5366367
MABS1AN113,マネタリーベース平均残高／うち 日銀当座預金,億円,MONTHLY,マネタリーベース,20260303,202112,5324203
MABS1AN113,マネタリーベース平均残高／うち 日銀当座預金,億円,MONTHLY,マネタリーベース,20260303,202201,5375765
MABS1AN113,マネタリーベース平均残高／うち 日銀当座預金,億円,MONTHLY,マネタリーベース,20260303,202202,5332416
MABS1AN113,マネタリーベース平均残高／うち 日銀当座預金,億円,MONTHLY,マネタリーベース,20260303,202203,5375724
MABS1AN113,マネタリーベース平均残高／うち 日銀当座預金,億円,MONTHLY,マネタリーベース,20260303,202204,5624625
MABS1AN113,マネタリーベース平均残高／うち 日銀当座預金,億円,MONTHLY,マネタリーベース,20260303,202205,5548443
MABS1AN113,マネタリーベース平均残高／うち 日銀当座預金,億円,MONTHLY,マネタリーベース,20260303,202206,5488802
MABS1AN113,マネタリーベース平均残高／うち 日銀当座預金,億円,MONTHLY,マネタリーベース,20260303,202207,5471202
MABS1AN113,マネタリーベース平均残高／うち 日銀当座預金,億円,MONTHLY,マネタリーベース,20260303,202208,5344467
MABS1AN113,マネタリーベース平均残高／うち 日銀当座預金,億円,MONTHLY,マネタリーベース,20260303,202209,5090906
MABS1AN113,マネタリーベース平均残高／うち 日銀当座預金,億円,MONTHLY,マネタリーベース,20260303,202210,4901024
MABS1AN113,マネタリーベース平均残高／うち 日銀当座預金,億円,MONTHLY,マネタリーベース,20260303,202211,4912501
MABS1AN113,マネタリーベース平均残高／うち 日銀当座預金,億円,MONTHLY,マネタリーベース,20260303,202212,4895078
MABS1AN113,マネタリーベース平均残高／うち 日銀当座預金,億円,MONTHLY,マネタリーベース,20260303,202301,5095242
MABS1AN113,マネタリーベース平均残高／うち 日銀当座預金,億円,MONTHLY,マネタリーベース,20260303,202302,5196518
MABS1AN113,マネタリーベース平均残高／うち 日銀当座預金,億円,MONTHLY,マネタリーベース,20260303,202303,5288979
MABS1AN113,マネタリーベース平均残高／うち 日銀当座預金,億円,MONTHLY,マネタリーベース,20260303,202304,5492517
MABS1AN113,マネタリーベース平均残高／うち 日銀当座預金,億円,MONTHLY,マネタリーベース,20260303,202305,5461253
MABS1AN113,マネタリーベース平均残高／うち 日銀当座預金,億円,MONTHLY,マネタリーベース,20260303,202306,5412306
MABS1AN113,マネタリーベース平均残高／うち 日銀当座預金,億円,MONTHLY,マネタリーベース,20260303,202307,5373025
MABS1AN113,マネタリーベース平均残高／うち 日銀当座預金,億円,MONTHLY,マネタリーベース,20260303,202308,5414489
MABS1AN113,マネタリーベース平均残高／うち 日銀当座預金,億円,MONTHLY,マネタリーベース,20260303,202309,5443059
MABS1AN113,マネタリーベース平均残高／うち 日銀当座預金,億円,MONTHLY,マネタリーベース,20260303,202310,5451979
MABS1AN113,マネタリーベース平均残高／うち 日銀当座預金,億円,MONTHLY,マネタリーベース,20260303,202311,5459892
MABS1AN113,マネタリーベース平均残高／うち 日銀当座預金,億円,MONTHLY,マネタリーベース,20260303,202312,5380298
MABS1AN113,マネタリーベース平均残高／うち 日銀当座預金,億円,MONTHLY,マネタリーベース,20260303,202401,5403607
MABS1AN113,マネタリーベース平均残高／うち 日銀当座預金,億円,MONTHLY,マネタリーベース,20260303,202402,5356508
MABS1AN113,マネタリーベース平均残高／うち 日銀当座預金,億円,MONTHLY,マネタリーベース,20260303,202403,5404735
MABS1AN113,マネタリーベース平均残高／うち 日銀当座預金,億円,MONTHLY,マネタリーベース,20260303,202404,5644691
MABS1AN113,マネタリーベース平均残高／うち 日銀当座預金,億円,MONTHLY,マネタリーベース,20260303,202405,5538429
MABS1AN113,マネタリーベース平均残高／うち 日銀当座預金,億円,MONTHLY,マネタリーベース,20260303,202406,5473820
MABS1AN113,マネタリーベース平均残高／うち 日銀当座預金,億円,MONTHLY,マネタリーベース,20260303,202407,5452929
MABS1AN113,マネタリーベース平均残高／うち 日銀当座預金,億円,MONTHLY,マネタリーベース,20260303,202408,5467003
MABS1AN113,マネタリーベース平均残高／うち 日銀当座預金,億円,MONTHLY,マネタリーベース,20260303,202409,5452820
MABS1AN113,マネタリーベース平均残高／うち 日銀当座預金,億円,MONTHLY,マネタリーベース,20260303,202410,5447657
MABS1AN113,マネタリーベース平均残高／うち 日銀当座預金,億円,MONTHLY,マネタリーベース,20260303,202411,5454207
MABS1AN113,マネタリーベース平均残高／うち 日銀当座預金,億円,MONTHLY,マネタリーベース,20260303,202412,5318108
MABS1AN113,マネタリーベース平均残高／うち 日銀当座預金,億円,MONTHLY,マネタリーベース,20260303,202501,5243109
MABS1AN113,マネタリーベース平均残高／うち 日銀当座預金,億円,MONTHLY,マネタリーベース,20260303,202502,5255933
MABS1AN113,マネタリーベース平均残高／うち 日銀当座預金,億円,MONTHLY,マネタリーベース,20260303,202503,5222684
MABS1AN113,マネタリーベース平均残高／うち 日銀当座預金,億円,MONTHLY,マネタリーベース,20260303,202504,5340854
MABS1AN113,マネタリーベース平均残高／うち 日銀当座預金,億円,MONTHLY,マネタリーベース,20260303,202505,5334786
MABS1AN113,マネタリーベース平均残高／うち 日銀当座預金,億円,MONTHLY,マネタリーベース,20260303,202506,5262589
MABS1AN113,マネタリーベース平均残高／うち 日銀当座預金,億円,MONTHLY,マネタリーベース,20260303,202507,5220410
MABS1AN113,マネタリーベース平均残高／うち 日銀当座預金,億円,MONTHLY,マネタリーベース,20260303,202508,5218380
MABS1AN113,マネタリーベース平均残高／うち 日銀当座預金,億円,MONTHLY,マネタリーベース,20260303,202509,5065184
MABS1AN113,マネタリーベース平均残高／うち 日銀当座預金,億円,MONTHLY,マネタリーベース,20260303,202510,4952655
MABS1AN113,マネタリーベース平均残高／うち 日銀当座預金,億円,MONTHLY,マネタリーベース,20260303,202511,4913781
MABS1AN113,マネタリーベース平均残高／うち 日銀当座預金,億円,MONTHLY,マネタリーベース,20260303,202512,4708615
MABS1AN113,マネタリーベース平均残高／うち 日銀当座預金,億円,MONTHLY,マネタリーベース,20260303,202601,4660861
MABS1AN113,マネタリーベース平均残高／うち 日銀当座預金,億円,MONTHLY,マネタリーベース,20260303,202602,4593017
MABS1AA12X12,マネタリーベース平均残高（準備率調整後）＜季節調整済＞,億円,MONTHLY,マネタリーベース,20260303,197001,42170
MABS1AA12X12,マネタリーベース平均残高（準備率調整後）＜季節調整済＞,億円,MONTHLY,マネタリーベース,20260303,197002,42617
MABS1AA12X12,マネタリーベース平均残高（準備率調整後）＜季節調整済＞,億円,MONTHLY,マネタリーベース,20260303,197003,43348
MABS1AA12X12,マネタリーベース平均残高（準備率調整後）＜季節調整済＞,億円,MONTHLY,マネタリーベース,20260303,197004,43730
MABS1AA12X12,マネタリーベース平均残高（準備率調整後）＜季節調整済＞,億円,MONTHLY,マネタリーベース,20260303,197005,44201
MABS1AA12X12,マネタリーベース平均残高（準備率調整後）＜季節調整済＞,億円,MONTHLY,マネタリーベース,20260303,197006,44892
MABS1AA12X12,マネタリーベース平均残高（準備率調整後）＜季節調整済＞,億円,MONTHLY,マネタリーベース,20260303,197007,45308
MABS1AA12X12,マネタリーベース平均残高（準備率調整後）＜季節調整済＞,億円,MONTHLY,マネタリーベース,20260303,197008,45900
MABS1AA12X12,マネタリーベース平均残高（準備率調整後）＜季節調整済＞,億円,MONTHLY,マネタリーベース,20260303,197009,46359
MABS1AA12X12,マネタリーベース平均残高（準備率調整後）＜季節調整済＞,億円,MONTHLY,マネタリーベース,20260303,197010,47048
MABS1AA12X12,マネタリーベース平均残高（準備率調整後）＜季節調整済＞,億円,MONTHLY,マネタリーベース,20260303,197011,47793
MABS1AA12X12,マネタリーベース平均残高（準備率調整後）＜季節調整済＞,億円,MONTHLY,マネタリーベース,20260303,197012,48500
MABS1AA12X12,マネタリーベース平均残高（準備率調整後）＜季節調整済＞,億円,MONTHLY,マネタリーベース,20260303,197101,48969
MABS1AA12X12,マネタリーベース平均残高（準備率調整後）＜季節調整済＞,億円,MONTHLY,マネタリーベース,20260303,197102,49718
MABS1AA12X12,マネタリーベース平均残高（準備率調整後）＜季節調整済＞,億円,MONTHLY,マネタリーベース,20260303,197103,50189
MABS1AA12X12,マネタリーベース平均残高（準備率調整後）＜季節調整済＞,億円,MONTHLY,マネタリーベース,20260303,197104,50715
MABS1AA12X12,マネタリーベース平均残高（準備率調整後）＜季節調整済＞,億円,MONTHLY,マネタリーベース,20260303,197105,51606
MABS1AA12X12,マネタリーベース平均残高（準備率調整後）＜季節調整済＞,億円,MONTHLY,マネタリーベース,20260303,197106,52068
MABS1AA12X12,マネタリーベース平均残高（準備率調整後）＜季節調整済＞,億円,MONTHLY,マネタリーベース,20260303,197107,52875
MABS1AA12X12,マネタリーベース平均残高（準備率調整後）＜季節調整済＞,億円,MONTHLY,マネタリーベース,20260303,197108,53701
MABS1AA12X12,マネタリーベース平均残高（準備率調整後）＜季節調整済＞,億円,MONTHLY,マネタリーベース,20260303,197109,54278
MABS1AA12X12,マネタリーベース平均残高（準備率調整後）＜季節調整済＞,億円,MONTHLY,マネタリーベース,20260303,197110,54816
MABS1AA12X12,マネタリーベース平均残高（準備率調整後）＜季節調整済＞,億円,MONTHLY,マネタリーベース,20260303,197111,55215
MABS1AA12X12,マネタリーベース平均残高（準備率調整後）＜季節調整済＞,億円,MONTHLY,マネタリーベース,20260303,197112,55990
MABS1AA12X12,マネタリーベース平均残高（準備率調整後）＜季節調整済＞,億円,MONTHLY,マネタリーベース,20260303,197201,56683
MABS1AA12X12,マネタリーベース平均残高（準備率調整後）＜季節調整済＞,億円,MONTHLY,マネタリーベース,20260303,197202,57435
MABS1AA12X12,マネタリーベース平均残高（準備率調整後）＜季節調整済＞,億円,MONTHLY,マネタリーベース,20260303,197203,58263
MABS1AA12X12,マネタリーベース平均残高（準備率調整後）＜季節調整済＞,億円,MONTHLY,マネタリーベース,20260303,197204,59304
MABS1AA12X12,マネタリーベース平均残高（準備率調整後）＜季節調整済＞,億円,MONTHLY,マネタリーベース,20260303,197205,59831
MABS1AA12X12,マネタリーベース平均残高（準備率調整後）＜季節調整済＞,億円,MONTHLY,マネタリーベース,20260303,197206,61835
MABS1AA12X12,マネタリーベース平均残高（準備率調整後）＜季節調整済＞,億円,MONTHLY,マネタリーベース,20260303,197207,62328
MABS1AA12X12,マネタリーベース平均残高（準備率調整後）＜季節調整済＞,億円,MONTHLY,マネタリーベース,20260303,197208,63117
MABS1AA12X12,マネタリーベース平均残高（準備率調整後）＜季節調整済＞,億円,MONTHLY,マネタリーベース,20260303,197209,64953
MABS1AA12X12,マネタリーベース平均残高（準備率調整後）＜季節調整済＞,億円,MONTHLY,マネタリーベース,20260303,197210,66377
MABS1AA12X12,マネタリーベース平均残高（準備率調整後）＜季節調整済＞,億円,MONTHLY,マネタリーベース,20260303,197211,67638
MABS1AA12X12,マネタリーベース平均残高（準備率調整後）＜季節調整済＞,億円,MONTHLY,マネタリーベース,20260303,197212,69260
MABS1AA12X12,マネタリーベース平均残高（準備率調整後）＜季節調整済＞,億円,MONTHLY,マネタリーベース,20260303,197301,71601
MABS1AA12X12,マネタリーベース平均残高（準備率調整後）＜季節調整済＞,億円,MONTHLY,マネタリーベース,20260303,197302,72753
MABS1AA12X12,マネタリーベース平均残高（準備率調整後）＜季節調整済＞,億円,MONTHLY,マネタリーベース,20260303,197303,74257
MABS1AA12X12,マネタリーベース平均残高（準備率調整後）＜季節調整済＞,億円,MONTHLY,マネタリーベース,20260303,197304,75918
MABS1AA12X12,マネタリーベース平均残高（準備率調整後）＜季節調整済＞,億円,MONTHLY,マネタリーベース,20260303,197305,77130
MABS1AA12X12,マネタリーベース平均残高（準備率調整後）＜季節調整済＞,億円,MONTHLY,マネタリーベース,20260303,197306,78204
MABS1AA12X12,マネタリーベース平均残高（準備率調整後）＜季節調整済＞,億円,MONTHLY,マネタリーベース,20260303,197307,79935
MABS1AA12X12,マネタリーベース平均残高（準備率調整後）＜季節調整済＞,億円,MONTHLY,マネタリーベース,20260303,197308,81008
MABS1AA12X12,マネタリーベース平均残高（準備率調整後）＜季節調整済＞,億円,MONTHLY,マネタリーベース,20260303,197309,82580
MABS1AA12X12,マネタリーベース平均残高（準備率調整後）＜季節調整済＞,億円,MONTHLY,マネタリーベース,20260303,197310,84279
MABS1AA12X12,マネタリーベース平均残高（準備率調整後）＜季節調整済＞,億円,MONTHLY,マネタリーベース,20260303,197311,85936
MABS1AA12X12,マネタリーベース平均残高（準備率調整後）＜季節調整済＞,億円,MONTHLY,マネタリーベース,20260303,197312,87081
MABS1AA12X12,マネタリーベース平均残高（準備率調整後）＜季節調整済＞,億円,MONTHLY,マネタリーベース,20260303,197401,87777
MABS1AA12X12,マネタリーベース平均残高（準備率調整後）＜季節調整済＞,億円,MONTHLY,マネタリーベース,20260303,197402,88528
MABS1AA12X12,マネタリーベース平均残高（準備率調整後）＜季節調整済＞,億円,MONTHLY,マネタリーベース,20260303,197403,89626
MABS1AA12X12,マネタリーベース平均残高（準備率調整後）＜季節調整済＞,億円,MONTHLY,マネタリーベース,20260303,197404,90202
MABS1AA12X12,マネタリーベース平均残高（準備率調整後）＜季節調整済＞,億円,MONTHLY,マネタリーベース,20260303,197405,92950
MABS1AA12X12,マネタリーベース平均残高（準備率調整後）＜季節調整済＞,億円,MONTHLY,マネタリーベース,20260303,197406,95054
MABS1AA12X12,マネタリーベース平均残高（準備率調整後）＜季節調整済＞,億円,MONTHLY,マネタリーベース,20260303,197407,96891
MABS1AA12X12,マネタリーベース平均残高（準備率調整後）＜季節調整済＞,億円,MONTHLY,マネタリーベース,20260303,197408,97698
MABS1AA12X12,マネタリーベース平均残高（準備率調整後）＜季節調整済＞,億円,MONTHLY,マネタリーベース,20260303,197409,98859
MABS1AA12X12,マネタリーベース平均残高（準備率調整後）＜季節調整済＞,億円,MONTHLY,マネタリーベース,20260303,197410,99379
MABS1AA12X12,マネタリーベース平均残高（準備率調整後）＜季節調整済＞,億円,MONTHLY,マネタリーベース,20260303,197411,100550
MABS1AA12X12,マネタリーベース平均残高（準備率調整後）＜季節調整済＞,億円,MONTHLY,マネタリーベース,20260303,197412,101909
MABS1AA12X12,マネタリーベース平均残高（準備率調整後）＜季節調整済＞,億円,MONTHLY,マネタリーベース,20260303,197501,103743
MABS1AA12X12,マネタリーベース平均残高（準備率調整後）＜季節調整済＞,億円,MONTHLY,マネタリーベース,20260303,197502,103688
MABS1AA12X12,マネタリーベース平均残高（準備率調整後）＜季節調整済＞,億円,MONTHLY,マネタリーベース,20260303,197503,105236
MABS1AA12X12,マネタリーベース平均残高（準備率調整後）＜季節調整済＞,億円,MONTHLY,マネタリーベース,20260303,197504,105313
MABS1AA12X12,マネタリーベース平均残高（準備率調整後）＜季節調整済＞,億円,MONTHLY,マネタリーベース,20260303,197505,106249
MABS1AA12X12,マネタリーベース平均残高（準備率調整後）＜季節調整済＞,億円,MONTHLY,マネタリーベース,20260303,197506,107596
MABS1AA12X12,マネタリーベース平均残高（準備率調整後）＜季節調整済＞,億円,MONTHLY,マネタリーベース,20260303,197507,107723
MABS1AA12X12,マネタリーベース平均残高（準備率調整後）＜季節調整済＞,億円,MONTHLY,マネタリーベース,20260303,197508,109423
MABS1AA12X12,マネタリーベース平均残高（準備率調整後）＜季節調整済＞,億円,MONTHLY,マネタリーベース,20260303,197509,110161
MABS1AA12X12,マネタリーベース平均残高（準備率調整後）＜季節調整済＞,億円,MONTHLY,マネタリーベース,20260303,197510,110907
MABS1AA12X12,マネタリーベース平均残高（準備率調整後）＜季節調整済＞,億円,MONTHLY,マネタリーベース,20260303,197511,112023
MABS1AA12X12,マネタリーベース平均残高（準備率調整後）＜季節調整済＞,億円,MONTHLY,マネタリーベース,20260303,197512,112573
MABS1AA12X12,マネタリーベース平均残高（準備率調整後）＜季節調整済＞,億円,MONTHLY,マネタリーベース,20260303,197601,113768
MABS1AA12X12,マネタリーベース平均残高（準備率調整後）＜季節調整済＞,億円,MONTHLY,マネタリーベース,20260303,197602,115799
MABS1AA12X12,マネタリーベース平均残高（準備率調整後）＜季節調整済＞,億円,MONTHLY,マネタリーベース,20260303,197603,116161
MABS1AA12X12,マネタリーベース平均残高（準備率調整後）＜季節調整済＞,億円,MONTHLY,マネタリーベース,20260303,197604,117219
MABS1AA12X12,マネタリーベース平均残高（準備率調整後）＜季節調整済＞,億円,MONTHLY,マネタリーベース,20260303,197605,119522
MABS1AA12X12,マネタリーベース平均残高（準備率調整後）＜季節調整済＞,億円,MONTHLY,マネタリーベース,20260303,197606,119004
MABS1AA12X12,マネタリーベース平均残高（準備率調整後）＜季節調整済＞,億円,MONTHLY,マネタリーベース,20260303,197607,120261
MABS1AA12X12,マネタリーベース平均残高（準備率調整後）＜季節調整済＞,億円,MONTHLY,マネタリーベース,20260303,197608,120956
MABS1AA12X12,マネタリーベース平均残高（準備率調整後）＜季節調整済＞,億円,MONTHLY,マネタリーベース,20260303,197609,122149
MABS1AA12X12,マネタリーベース平均残高（準備率調整後）＜季節調整済＞,億円,MONTHLY,マネタリーベース,20260303,197610,123654
MABS1AA12X12,マネタリーベース平均残高（準備率調整後）＜季節調整済＞,億円,MONTHLY,マネタリーベース,20260303,197611,124704
MABS1AA12X12,マネタリーベース平均残高（準備率調整後）＜季節調整済＞,億円,MONTHLY,マネタリーベース,20260303,197612,125500
MABS1AA12X12,マネタリーベース平均残高（準備率調整後）＜季節調整済＞,億円,MONTHLY,マネタリーベース,20260303,197701,126081
MABS1AA12X12,マネタリーベース平均残高（準備率調整後）＜季節調整済＞,億円,MONTHLY,マネタリーベース,20260303,197702,127383
MABS1AA12X12,マネタリーベース平均残高（準備率調整後）＜季節調整済＞,億円,MONTHLY,マネタリーベース,20260303,197703,127534
MABS1AA12X12,マネタリーベース平均残高（準備率調整後）＜季節調整済＞,億円,MONTHLY,マネタリーベース,20260303,197704,129547
MABS1AA12X12,マネタリーベース平均残高（準備率調整後）＜季節調整済＞,億円,MONTHLY,マネタリーベース,20260303,197705,127985
MABS1AA12X12,マネタリーベース平均残高（準備率調整後）＜季節調整済＞,億円,MONTHLY,マネタリーベース,20260303,197706,130118
MABS1AA12X12,マネタリーベース平均残高（準備率調整後）＜季節調整済＞,億円,MONTHLY,マネタリーベース,20260303,197707,132465
MABS1AA12X12,マネタリーベース平均残高（準備率調整後）＜季節調整済＞,億円,MONTHLY,マネタリーベース,20260303,197708,132261
MABS1AA12X12,マネタリーベース平均残高（準備率調整後）＜季節調整済＞,億円,MONTHLY,マネタリーベース,20260303,197709,133305
MABS1AA12X12,マネタリーベース平均残高（準備率調整後）＜季節調整済＞,億円,MONTHLY,マネタリーベース,20260303,197710,136011
MABS1AA12X12,マネタリーベース平均残高（準備率調整後）＜季節調整済＞,億円,MONTHLY,マネタリーベース,20260303,197711,134084
MABS1AA12X12,マネタリーベース平均残高（準備率調整後）＜季節調整済＞,億円,MONTHLY,マネタリーベース,20260303,197712,136021
MABS1AA12X12,マネタリーベース平均残高（準備率調整後）＜季節調整済＞,億円,MONTHLY,マネタリーベース,20260303,197801,136600
MABS1AA12X12,マネタリーベース平均残高（準備率調整後）＜季節調整済＞,億円,MONTHLY,マネタリーベース,20260303,197802,137739
MABS1AA12X12,マネタリーベース平均残高（準備率調整後）＜季節調整済＞,億円,MONTHLY,マネタリーベース,20260303,197803,139021
MABS1AA12X12,マネタリーベース平均残高（準備率調整後）＜季節調整済＞,億円,MONTHLY,マネタリーベース,20260303,197804,140221
MABS1AA12X12,マネタリーベース平均残高（準備率調整後）＜季節調整済＞,億円,MONTHLY,マネタリーベース,20260303,197805,139868
MABS1AA12X12,マネタリーベース平均残高（準備率調整後）＜季節調整済＞,億円,MONTHLY,マネタリーベース,20260303,197806,142059
MABS1AA12X12,マネタリーベース平均残高（準備率調整後）＜季節調整済＞,億円,MONTHLY,マネタリーベース,20260303,197807,142981
MABS1AA12X12,マネタリーベース平均残高（準備率調整後）＜季節調整済＞,億円,MONTHLY,マネタリーベース,20260303,197808,144959
MABS1AA12X12,マネタリーベース平均残高（準備率調整後）＜季節調整済＞,億円,MONTHLY,マネタリーベース,20260303,197809,146653
MABS1AA12X12,マネタリーベース平均残高（準備率調整後）＜季節調整済＞,億円,MONTHLY,マネタリーベース,20260303,197810,147963
MABS1AA12X12,マネタリーベース平均残高（準備率調整後）＜季節調整済＞,億円,MONTHLY,マネタリーベース,20260303,197811,149548
MABS1AA12X12,マネタリーベース平均残高（準備率調整後）＜季節調整済＞,億円,MONTHLY,マネタリーベース,20260303,197812,151943
MABS1AA12X12,マネタリーベース平均残高（準備率調整後）＜季節調整済＞,億円,MONTHLY,マネタリーベース,20260303,197901,153788
MABS1AA12X12,マネタリーベース平均残高（準備率調整後）＜季節調整済＞,億円,MONTHLY,マネタリーベース,20260303,197902,154979
MABS1AA12X12,マネタリーベース平均残高（準備率調整後）＜季節調整済＞,億円,MONTHLY,マネタリーベース,20260303,197903,156013
MABS1AA12X12,マネタリーベース平均残高（準備率調整後）＜季節調整済＞,億円,MONTHLY,マネタリーベース,20260303,197904,157308
MABS1AA12X12,マネタリーベース平均残高（準備率調整後）＜季節調整済＞,億円,MONTHLY,マネタリーベース,20260303,197905,159663
MABS1AA12X12,マネタリーベース平均残高（準備率調整後）＜季節調整済＞,億円,MONTHLY,マネタリーベース,20260303,197906,159878
MABS1AA12X12,マネタリーベース平均残高（準備率調整後）＜季節調整済＞,億円,MONTHLY,マネタリーベース,20260303,197907,160750
MABS1AA12X12,マネタリーベース平均残高（準備率調整後）＜季節調整済＞,億円,MONTHLY,マネタリーベース,20260303,197908,162645
MABS1AA12X12,マネタリーベース平均残高（準備率調整後）＜季節調整済＞,億円,MONTHLY,マネタリーベース,20260303,197909,163696
MABS1AA12X12,マネタリーベース平均残高（準備率調整後）＜季節調整済＞,億円,MONTHLY,マネタリーベース,20260303,197910,164879
MABS1AA12X12,マネタリーベース平均残高（準備率調整後）＜季節調整済＞,億円,MONTHLY,マネタリーベース,20260303,197911,165934
MABS1AA12X12,マネタリーベース平均残高（準備率調整後）＜季節調整済＞,億円,MONTHLY,マネタリーベース,20260303,197912,166808
MABS1AA12X12,マネタリーベース平均残高（準備率調整後）＜季節調整済＞,億円,MONTHLY,マネタリーベース,20260303,198001,168626
MABS1AA12X12,マネタリーベース平均残高（準備率調整後）＜季節調整済＞,億円,MONTHLY,マネタリーベース,20260303,198002,169418
MABS1AA12X12,マネタリーベース平均残高（準備率調整後）＜季節調整済＞,億円,MONTHLY,マネタリーベース,20260303,198003,170701
MABS1AA12X12,マネタリーベース平均残高（準備率調整後）＜季節調整済＞,億円,MONTHLY,マネタリーベース,20260303,198004,171871
MABS1AA12X12,マネタリーベース平均残高（準備率調整後）＜季節調整済＞,億円,MONTHLY,マネタリーベース,20260303,198005,172476
MABS1AA12X12,マネタリーベース平均残高（準備率調整後）＜季節調整済＞,億円,MONTHLY,マネタリーベース,20260303,198006,173432
MABS1AA12X12,マネタリーベース平均残高（準備率調整後）＜季節調整済＞,億円,MONTHLY,マネタリーベース,20260303,198007,172409
MABS1AA12X12,マネタリーベース平均残高（準備率調整後）＜季節調整済＞,億円,MONTHLY,マネタリーベース,20260303,198008,171986
MABS1AA12X12,マネタリーベース平均残高（準備率調整後）＜季節調整済＞,億円,MONTHLY,マネタリーベース,20260303,198009,172336
MABS1AA12X12,マネタリーベース平均残高（準備率調整後）＜季節調整済＞,億円,MONTHLY,マネタリーベース,20260303,198010,172177
MABS1AA12X12,マネタリーベース平均残高（準備率調整後）＜季節調整済＞,億円,MONTHLY,マネタリーベース,20260303,198011,175418
MABS1AA12X12,マネタリーベース平均残高（準備率調整後）＜季節調整済＞,億円,MONTHLY,マネタリーベース,20260303,198012,173873
MABS1AA12X12,マネタリーベース平均残高（準備率調整後）＜季節調整済＞,億円,MONTHLY,マネタリーベース,20260303,198101,174673
MABS1AA12X12,マネタリーベース平均残高（準備率調整後）＜季節調整済＞,億円,MONTHLY,マネタリーベース,20260303,198102,174698
MABS1AA12X12,マネタリーベース平均残高（準備率調整後）＜季節調整済＞,億円,MONTHLY,マネタリーベース,20260303,198103,175926
MABS1AA12X12,マネタリーベース平均残高（準備率調整後）＜季節調整済＞,億円,MONTHLY,マネタリーベース,20260303,198104,176661
MABS1AA12X12,マネタリーベース平均残高（準備率調整後）＜季節調整済＞,億円,MONTHLY,マネタリーベース,20260303,198105,177803
MABS1AA12X12,マネタリーベース平均残高（準備率調整後）＜季節調整済＞,億円,MONTHLY,マネタリーベース,20260303,198106,179269
MABS1AA12X12,マネタリーベース平均残高（準備率調整後）＜季節調整済＞,億円,MONTHLY,マネタリーベース,20260303,198107,180297
MABS1AA12X12,マネタリーベース平均残高（準備率調整後）＜季節調整済＞,億円,MONTHLY,マネタリーベース,20260303,198108,181184
MABS1AA12X12,マネタリーベース平均残高（準備率調整後）＜季節調整済＞,億円,MONTHLY,マネタリーベース,20260303,198109,182077
MABS1AA12X12,マネタリーベース平均残高（準備率調整後）＜季節調整済＞,億円,MONTHLY,マネタリーベース,20260303,198110,182867
MABS1AA12X12,マネタリーベース平均残高（準備率調整後）＜季節調整済＞,億円,MONTHLY,マネタリーベース,20260303,198111,184062
MABS1AA12X12,マネタリーベース平均残高（準備率調整後）＜季節調整済＞,億円,MONTHLY,マネタリーベース,20260303,198112,186365
MABS1AA12X12,マネタリーベース平均残高（準備率調整後）＜季節調整済＞,億円,MONTHLY,マネタリーベース,20260303,198201,184742
MABS1AA12X12,マネタリーベース平均残高（準備率調整後）＜季節調整済＞,億円,MONTHLY,マネタリーベース,20260303,198202,186091
MABS1AA12X12,マネタリーベース平均残高（準備率調整後）＜季節調整済＞,億円,MONTHLY,マネタリーベース,20260303,198203,187207
MABS1AA12X12,マネタリーベース平均残高（準備率調整後）＜季節調整済＞,億円,MONTHLY,マネタリーベース,20260303,198204,189706
MABS1AA12X12,マネタリーベース平均残高（準備率調整後）＜季節調整済＞,億円,MONTHLY,マネタリーベース,20260303,198205,191400
MABS1AA12X12,マネタリーベース平均残高（準備率調整後）＜季節調整済＞,億円,MONTHLY,マネタリーベース,20260303,198206,192326
MABS1AA12X12,マネタリーベース平均残高（準備率調整後）＜季節調整済＞,億円,MONTHLY,マネタリーベース,20260303,198207,193467
MABS1AA12X12,マネタリーベース平均残高（準備率調整後）＜季節調整済＞,億円,MONTHLY,マネタリーベース,20260303,198208,195109
MABS1AA12X12,マネタリーベース平均残高（準備率調整後）＜季節調整済＞,億円,MONTHLY,マネタリーベース,20260303,198209,195894
MABS1AA12X12,マネタリーベース平均残高（準備率調整後）＜季節調整済＞,億円,MONTHLY,マネタリーベース,20260303,198210,197731
MABS1AA12X12,マネタリーベース平均残高（準備率調整後）＜季節調整済＞,億円,MONTHLY,マネタリーベース,20260303,198211,198519
MABS1AA12X12,マネタリーベース平均残高（準備率調整後）＜季節調整済＞,億円,MONTHLY,マネタリーベース,20260303,198212,199532
MABS1AA12X12,マネタリーベース平均残高（準備率調整後）＜季節調整済＞,億円,MONTHLY,マネタリーベース,20260303,198301,198465
MABS1AA12X12,マネタリーベース平均残高（準備率調整後）＜季節調整済＞,億円,MONTHLY,マネタリーベース,20260303,198302,201009
MABS1AA12X12,マネタリーベース平均残高（準備率調整後）＜季節調整済＞,億円,MONTHLY,マネタリーベース,20260303,198303,202275
MABS1AA12X12,マネタリーベース平均残高（準備率調整後）＜季節調整済＞,億円,MONTHLY,マネタリーベース,20260303,198304,201625
MABS1AA12X12,マネタリーベース平均残高（準備率調整後）＜季節調整済＞,億円,MONTHLY,マネタリーベース,20260303,198305,202678
MABS1AA12X12,マネタリーベース平均残高（準備率調整後）＜季節調整済＞,億円,MONTHLY,マネタリーベース,20260303,198306,203736
MABS1AA12X12,マネタリーベース平均残高（準備率調整後）＜季節調整済＞,億円,MONTHLY,マネタリーベース,20260303,198307,203423
MABS1AA12X12,マネタリーベース平均残高（準備率調整後）＜季節調整済＞,億円,MONTHLY,マネタリーベース,20260303,198308,205519
MABS1AA12X12,マネタリーベース平均残高（準備率調整後）＜季節調整済＞,億円,MONTHLY,マネタリーベース,20260303,198309,205560
MABS1AA12X12,マネタリーベース平均残高（準備率調整後）＜季節調整済＞,億円,MONTHLY,マネタリーベース,20260303,198310,208042
MABS1AA12X12,マネタリーベース平均残高（準備率調整後）＜季節調整済＞,億円,MONTHLY,マネタリーベース,20260303,198311,206456
MABS1AA12X12,マネタリーベース平均残高（準備率調整後）＜季節調整済＞,億円,MONTHLY,マネタリーベース,20260303,198312,209083
MABS1AA12X12,マネタリーベース平均残高（準備率調整後）＜季節調整済＞,億円,MONTHLY,マネタリーベース,20260303,198401,208033
MABS1AA12X12,マネタリーベース平均残高（準備率調整後）＜季節調整済＞,億円,MONTHLY,マネタリーベース,20260303,198402,209149
MABS1AA12X12,マネタリーベース平均残高（準備率調整後）＜季節調整済＞,億円,MONTHLY,マネタリーベース,20260303,198403,209440
MABS1AA12X12,マネタリーベース平均残高（準備率調整後）＜季節調整済＞,億円,MONTHLY,マネタリーベース,20260303,198404,211181
MABS1AA12X12,マネタリーベース平均残高（準備率調整後）＜季節調整済＞,億円,MONTHLY,マネタリーベース,20260303,198405,211209
MABS1AA12X12,マネタリーベース平均残高（準備率調整後）＜季節調整済＞,億円,MONTHLY,マネタリーベース,20260303,198406,212040
MABS1AA12X12,マネタリーベース平均残高（準備率調整後）＜季節調整済＞,億円,MONTHLY,マネタリーベース,20260303,198407,213863
MABS1AA12X12,マネタリーベース平均残高（準備率調整後）＜季節調整済＞,億円,MONTHLY,マネタリーベース,20260303,198408,214068
MABS1AA12X12,マネタリーベース平均残高（準備率調整後）＜季節調整済＞,億円,MONTHLY,マネタリーベース,20260303,198409,216779
MABS1AA12X12,マネタリーベース平均残高（準備率調整後）＜季節調整済＞,億円,MONTHLY,マネタリーベース,20260303,198410,216422
MABS1AA12X12,マネタリーベース平均残高（準備率調整後）＜季節調整済＞,億円,MONTHLY,マネタリーベース,20260303,198411,222187
MABS1AA12X12,マネタリーベース平均残高（準備率調整後）＜季節調整済＞,億円,MONTHLY,マネタリーベース,20260303,198412,220860
MABS1AA12X12,マネタリーベース平均残高（準備率調整後）＜季節調整済＞,億円,MONTHLY,マネタリーベース,20260303,198501,224664
MABS1AA12X12,マネタリーベース平均残高（準備率調整後）＜季節調整済＞,億円,MONTHLY,マネタリーベース,20260303,198502,223034
MABS1AA12X12,マネタリーベース平均残高（準備率調整後）＜季節調整済＞,億円,MONTHLY,マネタリーベース,20260303,198503,224890
MABS1AA12X12,マネタリーベース平均残高（準備率調整後）＜季節調整済＞,億円,MONTHLY,マネタリーベース,20260303,198504,225417
MABS1AA12X12,マネタリーベース平均残高（準備率調整後）＜季節調整済＞,億円,MONTHLY,マネタリーベース,20260303,198505,225658
MABS1AA12X12,マネタリーベース平均残高（準備率調整後）＜季節調整済＞,億円,MONTHLY,マネタリーベース,20260303,198506,226373
MABS1AA12X12,マネタリーベース平均残高（準備率調整後）＜季節調整済＞,億円,MONTHLY,マネタリーベース,20260303,198507,227382
MABS1AA12X12,マネタリーベース平均残高（準備率調整後）＜季節調整済＞,億円,MONTHLY,マネタリーベース,20260303,198508,227932
MABS1AA12X12,マネタリーベース平均残高（準備率調整後）＜季節調整済＞,億円,MONTHLY,マネタリーベース,20260303,198509,229222
MABS1AA12X12,マネタリーベース平均残高（準備率調整後）＜季節調整済＞,億円,MONTHLY,マネタリーベース,20260303,198510,230143
MABS1AA12X12,マネタリーベース平均残高（準備率調整後）＜季節調整済＞,億円,MONTHLY,マネタリーベース,20260303,198511,232606
MABS1AA12X12,マネタリーベース平均残高（準備率調整後）＜季節調整済＞,億円,MONTHLY,マネタリーベース,20260303,198512,236182
MABS1AA12X12,マネタリーベース平均残高（準備率調整後）＜季節調整済＞,億円,MONTHLY,マネタリーベース,20260303,198601,239163
MABS1AA12X12,マネタリーベース平均残高（準備率調整後）＜季節調整済＞,億円,MONTHLY,マネタリーベース,20260303,198602,237541
MABS1AA12X12,マネタリーベース平均残高（準備率調整後）＜季節調整済＞,億円,MONTHLY,マネタリーベース,20260303,198603,237982
MABS1AA12X12,マネタリーベース平均残高（準備率調整後）＜季節調整済＞,億円,MONTHLY,マネタリーベース,20260303,198604,239340
MABS1AA12X12,マネタリーベース平均残高（準備率調整後）＜季節調整済＞,億円,MONTHLY,マネタリーベース,20260303,198605,241319
MABS1AA12X12,マネタリーベース平均残高（準備率調整後）＜季節調整済＞,億円,MONTHLY,マネタリーベース,20260303,198606,243593
MABS1AA12X12,マネタリーベース平均残高（準備率調整後）＜季節調整済＞,億円,MONTHLY,マネタリーベース,20260303,198607,247303
MABS1AA12X12,マネタリーベース平均残高（準備率調整後）＜季節調整済＞,億円,MONTHLY,マネタリーベース,20260303,198608,249027
MABS1AA12X12,マネタリーベース平均残高（準備率調整後）＜季節調整済＞,億円,MONTHLY,マネタリーベース,20260303,198609,250557
MABS1AA12X12,マネタリーベース平均残高（準備率調整後）＜季節調整済＞,億円,MONTHLY,マネタリーベース,20260303,198610,252427
MABS1AA12X12,マネタリーベース平均残高（準備率調整後）＜季節調整済＞,億円,MONTHLY,マネタリーベース,20260303,198611,265649
MABS1AA12X12,マネタリーベース平均残高（準備率調整後）＜季節調整済＞,億円,MONTHLY,マネタリーベース,20260303,198612,264577
MABS1AA12X12,マネタリーベース平均残高（準備率調整後）＜季節調整済＞,億円,MONTHLY,マネタリーベース,20260303,198701,266541
MABS1AA12X12,マネタリーベース平均残高（準備率調整後）＜季節調整済＞,億円,MONTHLY,マネタリーベース,20260303,198702,268582
MABS1AA12X12,マネタリーベース平均残高（準備率調整後）＜季節調整済＞,億円,MONTHLY,マネタリーベース,20260303,198703,270208
MABS1AA12X12,マネタリーベース平均残高（準備率調整後）＜季節調整済＞,億円,MONTHLY,マネタリーベース,20260303,198704,271295
MABS1AA12X12,マネタリーベース平均残高（準備率調整後）＜季節調整済＞,億円,MONTHLY,マネタリーベース,20260303,198705,274932
MABS1AA12X12,マネタリーベース平均残高（準備率調整後）＜季節調整済＞,億円,MONTHLY,マネタリーベース,20260303,198706,278092
MABS1AA12X12,マネタリーベース平均残高（準備率調整後）＜季節調整済＞,億円,MONTHLY,マネタリーベース,20260303,198707,278485
MABS1AA12X12,マネタリーベース平均残高（準備率調整後）＜季節調整済＞,億円,MONTHLY,マネタリーベース,20260303,198708,281725
MABS1AA12X12,マネタリーベース平均残高（準備率調整後）＜季節調整済＞,億円,MONTHLY,マネタリーベース,20260303,198709,284006
MABS1AA12X12,マネタリーベース平均残高（準備率調整後）＜季節調整済＞,億円,MONTHLY,マネタリーベース,20260303,198710,286785
MABS1AA12X12,マネタリーベース平均残高（準備率調整後）＜季節調整済＞,億円,MONTHLY,マネタリーベース,20260303,198711,289103
MABS1AA12X12,マネタリーベース平均残高（準備率調整後）＜季節調整済＞,億円,MONTHLY,マネタリーベース,20260303,198712,290275
MABS1AA12X12,マネタリーベース平均残高（準備率調整後）＜季節調整済＞,億円,MONTHLY,マネタリーベース,20260303,198801,292707
MABS1AA12X12,マネタリーベース平均残高（準備率調整後）＜季節調整済＞,億円,MONTHLY,マネタリーベース,20260303,198802,296091
MABS1AA12X12,マネタリーベース平均残高（準備率調整後）＜季節調整済＞,億円,MONTHLY,マネタリーベース,20260303,198803,300447
MABS1AA12X12,マネタリーベース平均残高（準備率調整後）＜季節調整済＞,億円,MONTHLY,マネタリーベース,20260303,198804,304108
MABS1AA12X12,マネタリーベース平均残高（準備率調整後）＜季節調整済＞,億円,MONTHLY,マネタリーベース,20260303,198805,307197
MABS1AA12X12,マネタリーベース平均残高（準備率調整後）＜季節調整済＞,億円,MONTHLY,マネタリーベース,20260303,198806,306697
MABS1AA12X12,マネタリーベース平均残高（準備率調整後）＜季節調整済＞,億円,MONTHLY,マネタリーベース,20260303,198807,309210
MABS1AA12X12,マネタリーベース平均残高（準備率調整後）＜季節調整済＞,億円,MONTHLY,マネタリーベース,20260303,198808,310516
MABS1AA12X12,マネタリーベース平均残高（準備率調整後）＜季節調整済＞,億円,MONTHLY,マネタリーベース,20260303,198809,313599
MABS1AA12X12,マネタリーベース平均残高（準備率調整後）＜季節調整済＞,億円,MONTHLY,マネタリーベース,20260303,198810,316128
MABS1AA12X12,マネタリーベース平均残高（準備率調整後）＜季節調整済＞,億円,MONTHLY,マネタリーベース,20260303,198811,318049
MABS1AA12X12,マネタリーベース平均残高（準備率調整後）＜季節調整済＞,億円,MONTHLY,マネタリーベース,20260303,198812,318067
MABS1AA12X12,マネタリーベース平均残高（準備率調整後）＜季節調整済＞,億円,MONTHLY,マネタリーベース,20260303,198901,324098
MABS1AA12X12,マネタリーベース平均残高（準備率調整後）＜季節調整済＞,億円,MONTHLY,マネタリーベース,20260303,198902,329126
MABS1AA12X12,マネタリーベース平均残高（準備率調整後）＜季節調整済＞,億円,MONTHLY,マネタリーベース,20260303,198903,331999
MABS1AA12X12,マネタリーベース平均残高（準備率調整後）＜季節調整済＞,億円,MONTHLY,マネタリーベース,20260303,198904,335199
MABS1AA12X12,マネタリーベース平均残高（準備率調整後）＜季節調整済＞,億円,MONTHLY,マネタリーベース,20260303,198905,338143
MABS1AA12X12,マネタリーベース平均残高（準備率調整後）＜季節調整済＞,億円,MONTHLY,マネタリーベース,20260303,198906,340329
MABS1AA12X12,マネタリーベース平均残高（準備率調整後）＜季節調整済＞,億円,MONTHLY,マネタリーベース,20260303,198907,342426
MABS1AA12X12,マネタリーベース平均残高（準備率調整後）＜季節調整済＞,億円,MONTHLY,マネタリーベース,20260303,198908,346631
MABS1AA12X12,マネタリーベース平均残高（準備率調整後）＜季節調整済＞,億円,MONTHLY,マネタリーベース,20260303,198909,348475
MABS1AA12X12,マネタリーベース平均残高（準備率調整後）＜季節調整済＞,億円,MONTHLY,マネタリーベース,20260303,198910,351690
MABS1AA12X12,マネタリーベース平均残高（準備率調整後）＜季節調整済＞,億円,MONTHLY,マネタリーベース,20260303,198911,354559
MABS1AA12X12,マネタリーベース平均残高（準備率調整後）＜季節調整済＞,億円,MONTHLY,マネタリーベース,20260303,198912,356878
MABS1AA12X12,マネタリーベース平均残高（準備率調整後）＜季節調整済＞,億円,MONTHLY,マネタリーベース,20260303,199001,364374
MABS1AA12X12,マネタリーベース平均残高（準備率調整後）＜季節調整済＞,億円,MONTHLY,マネタリーベース,20260303,199002,364534
MABS1AA12X12,マネタリーベース平均残高（準備率調整後）＜季節調整済＞,億円,MONTHLY,マネタリーベース,20260303,199003,366102
MABS1AA12X12,マネタリーベース平均残高（準備率調整後）＜季節調整済＞,億円,MONTHLY,マネタリーベース,20260303,199004,380364
MABS1AA12X12,マネタリーベース平均残高（準備率調整後）＜季節調整済＞,億円,MONTHLY,マネタリーベース,20260303,199005,370475
MABS1AA12X12,マネタリーベース平均残高（準備率調整後）＜季節調整済＞,億円,MONTHLY,マネタリーベース,20260303,199006,370908
MABS1AA12X12,マネタリーベース平均残高（準備率調整後）＜季節調整済＞,億円,MONTHLY,マネタリーベース,20260303,199007,373904
MABS1AA12X12,マネタリーベース平均残高（準備率調整後）＜季節調整済＞,億円,MONTHLY,マネタリーベース,20260303,199008,375256
MABS1AA12X12,マネタリーベース平均残高（準備率調整後）＜季節調整済＞,億円,MONTHLY,マネタリーベース,20260303,199009,377371
MABS1AA12X12,マネタリーベース平均残高（準備率調整後）＜季節調整済＞,億円,MONTHLY,マネタリーベース,20260303,199010,375966
MABS1AA12X12,マネタリーベース平均残高（準備率調整後）＜季節調整済＞,億円,MONTHLY,マネタリーベース,20260303,199011,376655
MABS1AA12X12,マネタリーベース平均残高（準備率調整後）＜季節調整済＞,億円,MONTHLY,マネタリーベース,20260303,199012,379696
MABS1AA12X12,マネタリーベース平均残高（準備率調整後）＜季節調整済＞,億円,MONTHLY,マネタリーベース,20260303,199101,382185
MABS1AA12X12,マネタリーベース平均残高（準備率調整後）＜季節調整済＞,億円,MONTHLY,マネタリーベース,20260303,199102,375008
MABS1AA12X12,マネタリーベース平均残高（準備率調整後）＜季節調整済＞,億円,MONTHLY,マネタリーベース,20260303,199103,380824
MABS1AA12X12,マネタリーベース平均残高（準備率調整後）＜季節調整済＞,億円,MONTHLY,マネタリーベース,20260303,199104,381253
MABS1AA12X12,マネタリーベース平均残高（準備率調整後）＜季節調整済＞,億円,MONTHLY,マネタリーベース,20260303,199105,378776
MABS1AA12X12,マネタリーベース平均残高（準備率調整後）＜季節調整済＞,億円,MONTHLY,マネタリーベース,20260303,199106,383637
MABS1AA12X12,マネタリーベース平均残高（準備率調整後）＜季節調整済＞,億円,MONTHLY,マネタリーベース,20260303,199107,382819
MABS1AA12X12,マネタリーベース平均残高（準備率調整後）＜季節調整済＞,億円,MONTHLY,マネタリーベース,20260303,199108,381932
MABS1AA12X12,マネタリーベース平均残高（準備率調整後）＜季節調整済＞,億円,MONTHLY,マネタリーベース,20260303,199109,382061
MABS1AA12X12,マネタリーベース平均残高（準備率調整後）＜季節調整済＞,億円,MONTHLY,マネタリーベース,20260303,199110,386541
MABS1AA12X12,マネタリーベース平均残高（準備率調整後）＜季節調整済＞,億円,MONTHLY,マネタリーベース,20260303,199111,389231
MABS1AA12X12,マネタリーベース平均残高（準備率調整後）＜季節調整済＞,億円,MONTHLY,マネタリーベース,20260303,199112,387279
MABS1AA12X12,マネタリーベース平均残高（準備率調整後）＜季節調整済＞,億円,MONTHLY,マネタリーベース,20260303,199201,387858
MABS1AA12X12,マネタリーベース平均残高（準備率調整後）＜季節調整済＞,億円,MONTHLY,マネタリーベース,20260303,199202,386196
MABS1AA12X12,マネタリーベース平均残高（準備率調整後）＜季節調整済＞,億円,MONTHLY,マネタリーベース,20260303,199203,386058
MABS1AA12X12,マネタリーベース平均残高（準備率調整後）＜季節調整済＞,億円,MONTHLY,マネタリーベース,20260303,199204,385928
MABS1AA12X12,マネタリーベース平均残高（準備率調整後）＜季節調整済＞,億円,MONTHLY,マネタリーベース,20260303,199205,385616
MABS1AA12X12,マネタリーベース平均残高（準備率調整後）＜季節調整済＞,億円,MONTHLY,マネタリーベース,20260303,199206,388183
MABS1AA12X12,マネタリーベース平均残高（準備率調整後）＜季節調整済＞,億円,MONTHLY,マネタリーベース,20260303,199207,389410
MABS1AA12X12,マネタリーベース平均残高（準備率調整後）＜季節調整済＞,億円,MONTHLY,マネタリーベース,20260303,199208,391716
MABS1AA12X12,マネタリーベース平均残高（準備率調整後）＜季節調整済＞,億円,MONTHLY,マネタリーベース,20260303,199209,392150
MABS1AA12X12,マネタリーベース平均残高（準備率調整後）＜季節調整済＞,億円,MONTHLY,マネタリーベース,20260303,199210,390681
MABS1AA12X12,マネタリーベース平均残高（準備率調整後）＜季節調整済＞,億円,MONTHLY,マネタリーベース,20260303,199211,393004
MABS1AA12X12,マネタリーベース平均残高（準備率調整後）＜季節調整済＞,億円,MONTHLY,マネタリーベース,20260303,199212,393855
MABS1AA12X12,マネタリーベース平均残高（準備率調整後）＜季節調整済＞,億円,MONTHLY,マネタリーベース,20260303,199301,393270
MABS1AA12X12,マネタリーベース平均残高（準備率調整後）＜季節調整済＞,億円,MONTHLY,マネタリーベース,20260303,199302,396617
MABS1AA12X12,マネタリーベース平均残高（準備率調整後）＜季節調整済＞,億円,MONTHLY,マネタリーベース,20260303,199303,396792
MABS1AA12X12,マネタリーベース平均残高（準備率調整後）＜季節調整済＞,億円,MONTHLY,マネタリーベース,20260303,199304,398893
MABS1AA12X12,マネタリーベース平均残高（準備率調整後）＜季節調整済＞,億円,MONTHLY,マネタリーベース,20260303,199305,402489
MABS1AA12X12,マネタリーベース平均残高（準備率調整後）＜季節調整済＞,億円,MONTHLY,マネタリーベース,20260303,199306,402026
MABS1AA12X12,マネタリーベース平均残高（準備率調整後）＜季節調整済＞,億円,MONTHLY,マネタリーベース,20260303,199307,403917
MABS1AA12X12,マネタリーベース平均残高（準備率調整後）＜季節調整済＞,億円,MONTHLY,マネタリーベース,20260303,199308,404679
MABS1AA12X12,マネタリーベース平均残高（準備率調整後）＜季節調整済＞,億円,MONTHLY,マネタリーベース,20260303,199309,404907
MABS1AA12X12,マネタリーベース平均残高（準備率調整後）＜季節調整済＞,億円,MONTHLY,マネタリーベース,20260303,199310,408502
MABS1AA12X12,マネタリーベース平均残高（準備率調整後）＜季節調整済＞,億円,MONTHLY,マネタリーベース,20260303,199311,407578
MABS1AA12X12,マネタリーベース平均残高（準備率調整後）＜季節調整済＞,億円,MONTHLY,マネタリーベース,20260303,199312,410542
MABS1AA12X12,マネタリーベース平均残高（準備率調整後）＜季節調整済＞,億円,MONTHLY,マネタリーベース,20260303,199401,411082
MABS1AA12X12,マネタリーベース平均残高（準備率調整後）＜季節調整済＞,億円,MONTHLY,マネタリーベース,20260303,199402,413115
MABS1AA12X12,マネタリーベース平均残高（準備率調整後）＜季節調整済＞,億円,MONTHLY,マネタリーベース,20260303,199403,415346
MABS1AA12X12,マネタリーベース平均残高（準備率調整後）＜季節調整済＞,億円,MONTHLY,マネタリーベース,20260303,199404,416692
MABS1AA12X12,マネタリーベース平均残高（準備率調整後）＜季節調整済＞,億円,MONTHLY,マネタリーベース,20260303,199405,419566
MABS1AA12X12,マネタリーベース平均残高（準備率調整後）＜季節調整済＞,億円,MONTHLY,マネタリーベース,20260303,199406,417877
MABS1AA12X12,マネタリーベース平均残高（準備率調整後）＜季節調整済＞,億円,MONTHLY,マネタリーベース,20260303,199407,422846
MABS1AA12X12,マネタリーベース平均残高（準備率調整後）＜季節調整済＞,億円,MONTHLY,マネタリーベース,20260303,199408,424927
MABS1AA12X12,マネタリーベース平均残高（準備率調整後）＜季節調整済＞,億円,MONTHLY,マネタリーベース,20260303,199409,430332
MABS1AA12X12,マネタリーベース平均残高（準備率調整後）＜季節調整済＞,億円,MONTHLY,マネタリーベース,20260303,199410,427324
MABS1AA12X12,マネタリーベース平均残高（準備率調整後）＜季節調整済＞,億円,MONTHLY,マネタリーベース,20260303,199411,424702
MABS1AA12X12,マネタリーベース平均残高（準備率調整後）＜季節調整済＞,億円,MONTHLY,マネタリーベース,20260303,199412,429132
MABS1AA12X12,マネタリーベース平均残高（準備率調整後）＜季節調整済＞,億円,MONTHLY,マネタリーベース,20260303,199501,430467
MABS1AA12X12,マネタリーベース平均残高（準備率調整後）＜季節調整済＞,億円,MONTHLY,マネタリーベース,20260303,199502,428913
MABS1AA12X12,マネタリーベース平均残高（準備率調整後）＜季節調整済＞,億円,MONTHLY,マネタリーベース,20260303,199503,431736
MABS1AA12X12,マネタリーベース平均残高（準備率調整後）＜季節調整済＞,億円,MONTHLY,マネタリーベース,20260303,199504,434460
MABS1AA12X12,マネタリーベース平均残高（準備率調整後）＜季節調整済＞,億円,MONTHLY,マネタリーベース,20260303,199505,435863
MABS1AA12X12,マネタリーベース平均残高（準備率調整後）＜季節調整済＞,億円,MONTHLY,マネタリーベース,20260303,199506,436557
MABS1AA12X12,マネタリーベース平均残高（準備率調整後）＜季節調整済＞,億円,MONTHLY,マネタリーベース,20260303,199507,440959
MABS1AA12X12,マネタリーベース平均残高（準備率調整後）＜季節調整済＞,億円,MONTHLY,マネタリーベース,20260303,199508,444119
MABS1AA12X12,マネタリーベース平均残高（準備率調整後）＜季節調整済＞,億円,MONTHLY,マネタリーベース,20260303,199509,449594
MABS1AA12X12,マネタリーベース平均残高（準備率調整後）＜季節調整済＞,億円,MONTHLY,マネタリーベース,20260303,199510,453164
MABS1AA12X12,マネタリーベース平均残高（準備率調整後）＜季節調整済＞,億円,MONTHLY,マネタリーベース,20260303,199511,456307
MABS1AA12X12,マネタリーベース平均残高（準備率調整後）＜季節調整済＞,億円,MONTHLY,マネタリーベース,20260303,199512,457769
MABS1AA12X12,マネタリーベース平均残高（準備率調整後）＜季節調整済＞,億円,MONTHLY,マネタリーベース,20260303,199601,463311
MABS1AA12X12,マネタリーベース平均残高（準備率調整後）＜季節調整済＞,億円,MONTHLY,マネタリーベース,20260303,199602,467065
MABS1AA12X12,マネタリーベース平均残高（準備率調整後）＜季節調整済＞,億円,MONTHLY,マネタリーベース,20260303,199603,468587
MABS1AA12X12,マネタリーベース平均残高（準備率調整後）＜季節調整済＞,億円,MONTHLY,マネタリーベース,20260303,199604,472517
MABS1AA12X12,マネタリーベース平均残高（準備率調整後）＜季節調整済＞,億円,MONTHLY,マネタリーベース,20260303,199605,474004
MABS1AA12X12,マネタリーベース平均残高（準備率調整後）＜季節調整済＞,億円,MONTHLY,マネタリーベース,20260303,199606,477499
MABS1AA12X12,マネタリーベース平均残高（準備率調整後）＜季節調整済＞,億円,MONTHLY,マネタリーベース,20260303,199607,478936
MABS1AA12X12,マネタリーベース平均残高（準備率調整後）＜季節調整済＞,億円,MONTHLY,マネタリーベース,20260303,199608,481024
MABS1AA12X12,マネタリーベース平均残高（準備率調整後）＜季節調整済＞,億円,MONTHLY,マネタリーベース,20260303,199609,484759
MABS1AA12X12,マネタリーベース平均残高（準備率調整後）＜季節調整済＞,億円,MONTHLY,マネタリーベース,20260303,199610,485761
MABS1AA12X12,マネタリーベース平均残高（準備率調整後）＜季節調整済＞,億円,MONTHLY,マネタリーベース,20260303,199611,488944
MABS1AA12X12,マネタリーベース平均残高（準備率調整後）＜季節調整済＞,億円,MONTHLY,マネタリーベース,20260303,199612,493684
MABS1AA12X12,マネタリーベース平均残高（準備率調整後）＜季節調整済＞,億円,MONTHLY,マネタリーベース,20260303,199701,499783
MABS1AA12X12,マネタリーベース平均残高（準備率調整後）＜季節調整済＞,億円,MONTHLY,マネタリーベース,20260303,199702,498442
MABS1AA12X12,マネタリーベース平均残高（準備率調整後）＜季節調整済＞,億円,MONTHLY,マネタリーベース,20260303,199703,503071
MABS1AA12X12,マネタリーベース平均残高（準備率調整後）＜季節調整済＞,億円,MONTHLY,マネタリーベース,20260303,199704,503775
MABS1AA12X12,マネタリーベース平均残高（準備率調整後）＜季節調整済＞,億円,MONTHLY,マネタリーベース,20260303,199705,505987
MABS1AA12X12,マネタリーベース平均残高（準備率調整後）＜季節調整済＞,億円,MONTHLY,マネタリーベース,20260303,199706,511623
MABS1AA12X12,マネタリーベース平均残高（準備率調整後）＜季節調整済＞,億円,MONTHLY,マネタリーベース,20260303,199707,513477
MABS1AA12X12,マネタリーベース平均残高（準備率調整後）＜季節調整済＞,億円,MONTHLY,マネタリーベース,20260303,199708,517425
MABS1AA12X12,マネタリーベース平均残高（準備率調整後）＜季節調整済＞,億円,MONTHLY,マネタリーベース,20260303,199709,520004
MABS1AA12X12,マネタリーベース平均残高（準備率調整後）＜季節調整済＞,億円,MONTHLY,マネタリーベース,20260303,199710,520519
MABS1AA12X12,マネタリーベース平均残高（準備率調整後）＜季節調整済＞,億円,MONTHLY,マネタリーベース,20260303,199711,534368
MABS1AA12X12,マネタリーベース平均残高（準備率調整後）＜季節調整済＞,億円,MONTHLY,マネタリーベース,20260303,199712,545849
MABS1AA12X12,マネタリーベース平均残高（準備率調整後）＜季節調整済＞,億円,MONTHLY,マネタリーベース,20260303,199801,547029
MABS1AA12X12,マネタリーベース平均残高（準備率調整後）＜季節調整済＞,億円,MONTHLY,マネタリーベース,20260303,199802,548573
MABS1AA12X12,マネタリーベース平均残高（準備率調整後）＜季節調整済＞,億円,MONTHLY,マネタリーベース,20260303,199803,547110
MABS1AA12X12,マネタリーベース平均残高（準備率調整後）＜季節調整済＞,億円,MONTHLY,マネタリーベース,20260303,199804,549525
MABS1AA12X12,マネタリーベース平均残高（準備率調整後）＜季節調整済＞,億円,MONTHLY,マネタリーベース,20260303,199805,553011
MABS1AA12X12,マネタリーベース平均残高（準備率調整後）＜季節調整済＞,億円,MONTHLY,マネタリーベース,20260303,199806,559000
MABS1AA12X12,マネタリーベース平均残高（準備率調整後）＜季節調整済＞,億円,MONTHLY,マネタリーベース,20260303,199807,556209
MABS1AA12X12,マネタリーベース平均残高（準備率調整後）＜季節調整済＞,億円,MONTHLY,マネタリーベース,20260303,199808,563862
MABS1AA12X12,マネタリーベース平均残高（準備率調整後）＜季節調整済＞,億円,MONTHLY,マネタリーベース,20260303,199809,567323
MABS1AA12X12,マネタリーベース平均残高（準備率調整後）＜季節調整済＞,億円,MONTHLY,マネタリーベース,20260303,199810,571094
MABS1AA12X12,マネタリーベース平均残高（準備率調整後）＜季節調整済＞,億円,MONTHLY,マネタリーベース,20260303,199811,571280
MABS1AA12X12,マネタリーベース平均残高（準備率調整後）＜季節調整済＞,億円,MONTHLY,マネタリーベース,20260303,199812,570930
MABS1AA12X12,マネタリーベース平均残高（準備率調整後）＜季節調整済＞,億円,MONTHLY,マネタリーベース,20260303,199901,569363
MABS1AA12X12,マネタリーベース平均残高（準備率調整後）＜季節調整済＞,億円,MONTHLY,マネタリーベース,20260303,199902,576063
MABS1AA12X12,マネタリーベース平均残高（準備率調整後）＜季節調整済＞,億円,MONTHLY,マネタリーベース,20260303,199903,580047
MABS1AA12X12,マネタリーベース平均残高（準備率調整後）＜季節調整済＞,億円,MONTHLY,マネタリーベース,20260303,199904,585801
MABS1AA12X12,マネタリーベース平均残高（準備率調整後）＜季節調整済＞,億円,MONTHLY,マネタリーベース,20260303,199905,593188
MABS1AA12X12,マネタリーベース平均残高（準備率調整後）＜季節調整済＞,億円,MONTHLY,マネタリーベース,20260303,199906,594583
MABS1AA12X12,マネタリーベース平均残高（準備率調整後）＜季節調整済＞,億円,MONTHLY,マネタリーベース,20260303,199907,599674
MABS1AA12X12,マネタリーベース平均残高（準備率調整後）＜季節調整済＞,億円,MONTHLY,マネタリーベース,20260303,199908,605186
MABS1AA12X12,マネタリーベース平均残高（準備率調整後）＜季節調整済＞,億円,MONTHLY,マネタリーベース,20260303,199909,608908
MABS1AA12X12,マネタリーベース平均残高（準備率調整後）＜季節調整済＞,億円,MONTHLY,マネタリーベース,20260303,199910,610941
MABS1AA12X12,マネタリーベース平均残高（準備率調整後）＜季節調整済＞,億円,MONTHLY,マネタリーベース,20260303,199911,613710
MABS1AA12X12,マネタリーベース平均残高（準備率調整後）＜季節調整済＞,億円,MONTHLY,マネタリーベース,20260303,199912,656424
MABS1AA12X12,マネタリーベース平均残高（準備率調整後）＜季節調整済＞,億円,MONTHLY,マネタリーベース,20260303,200001,701220
MABS1AA12X12,マネタリーベース平均残高（準備率調整後）＜季節調整済＞,億円,MONTHLY,マネタリーベース,20260303,200002,631211
MABS1AA12X12,マネタリーベース平均残高（準備率調整後）＜季節調整済＞,億円,MONTHLY,マネタリーベース,20260303,200003,642049
MABS1AA12X12,マネタリーベース平均残高（準備率調整後）＜季節調整済＞,億円,MONTHLY,マネタリーベース,20260303,200004,650942
MABS1AA12X12,マネタリーベース平均残高（準備率調整後）＜季節調整済＞,億円,MONTHLY,マネタリーベース,20260303,200005,635960
MABS1AA12X12,マネタリーベース平均残高（準備率調整後）＜季節調整済＞,億円,MONTHLY,マネタリーベース,20260303,200006,631998
MABS1AA12X12,マネタリーベース平均残高（準備率調整後）＜季節調整済＞,億円,MONTHLY,マネタリーベース,20260303,200007,634895
MABS1AA12X12,マネタリーベース平均残高（準備率調整後）＜季節調整済＞,億円,MONTHLY,マネタリーベース,20260303,200008,633372
MABS1AA12X12,マネタリーベース平均残高（準備率調整後）＜季節調整済＞,億円,MONTHLY,マネタリーベース,20260303,200009,632793
MABS1AA12X12,マネタリーベース平均残高（準備率調整後）＜季節調整済＞,億円,MONTHLY,マネタリーベース,20260303,200010,643827
MABS1AA12X12,マネタリーベース平均残高（準備率調整後）＜季節調整済＞,億円,MONTHLY,マネタリーベース,20260303,200011,648393
MABS1AA12X12,マネタリーベース平均残高（準備率調整後）＜季節調整済＞,億円,MONTHLY,マネタリーベース,20260303,200012,653151
MABS1AA12X12,マネタリーベース平均残高（準備率調整後）＜季節調整済＞,億円,MONTHLY,マネタリーベース,20260303,200101,663426
MABS1AA12X12,マネタリーベース平均残高（準備率調整後）＜季節調整済＞,億円,MONTHLY,マネタリーベース,20260303,200102,653107
MABS1AA12X12,マネタリーベース平均残高（準備率調整後）＜季節調整済＞,億円,MONTHLY,マネタリーベース,20260303,200103,649094
MABS1AA12X12,マネタリーベース平均残高（準備率調整後）＜季節調整済＞,億円,MONTHLY,マネタリーベース,20260303,200104,657312
MABS1AA12X12,マネタリーベース平均残高（準備率調整後）＜季節調整済＞,億円,MONTHLY,マネタリーベース,20260303,200105,667105
MABS1AA12X12,マネタリーベース平均残高（準備率調整後）＜季節調整済＞,億円,MONTHLY,マネタリーベース,20260303,200106,678441
MABS1AA12X12,マネタリーベース平均残高（準備率調整後）＜季節調整済＞,億円,MONTHLY,マネタリーベース,20260303,200107,686820
MABS1AA12X12,マネタリーベース平均残高（準備率調整後）＜季節調整済＞,億円,MONTHLY,マネタリーベース,20260303,200108,690169
MABS1AA12X12,マネタリーベース平均残高（準備率調整後）＜季節調整済＞,億円,MONTHLY,マネタリーベース,20260303,200109,721496
MABS1AA12X12,マネタリーベース平均残高（準備率調整後）＜季節調整済＞,億円,MONTHLY,マネタリーベース,20260303,200110,736307
MABS1AA12X12,マネタリーベース平均残高（準備率調整後）＜季節調整済＞,億円,MONTHLY,マネタリーベース,20260303,200111,747700
MABS1AA12X12,マネタリーベース平均残高（準備率調整後）＜季節調整済＞,億円,MONTHLY,マネタリーベース,20260303,200112,768028
MABS1AA12X12,マネタリーベース平均残高（準備率調整後）＜季節調整済＞,億円,MONTHLY,マネタリーベース,20260303,200201,820558
MABS1AA12X12,マネタリーベース平均残高（準備率調整後）＜季節調整済＞,億円,MONTHLY,マネタリーベース,20260303,200202,833252
MABS1AA12X12,マネタリーベース平均残高（準備率調整後）＜季節調整済＞,億円,MONTHLY,マネタリーベース,20260303,200203,859508
MABS1AA12X12,マネタリーベース平均残高（準備率調整後）＜季節調整済＞,億円,MONTHLY,マネタリーベース,20260303,200204,894302
MABS1AA12X12,マネタリーベース平均残高（準備率調整後）＜季節調整済＞,億円,MONTHLY,マネタリーベース,20260303,200205,864465
MABS1AA12X12,マネタリーベース平均残高（準備率調整後）＜季節調整済＞,億円,MONTHLY,マネタリーベース,20260303,200206,863790
MABS1AA12X12,マネタリーベース平均残高（準備率調整後）＜季節調整済＞,億円,MONTHLY,マネタリーベース,20260303,200207,862353
MABS1AA12X12,マネタリーベース平均残高（準備率調整後）＜季節調整済＞,億円,MONTHLY,マネタリーベース,20260303,200208,869609
MABS1AA12X12,マネタリーベース平均残高（準備率調整後）＜季節調整済＞,億円,MONTHLY,マネタリーベース,20260303,200209,873482
MABS1AA12X12,マネタリーベース平均残高（準備率調整後）＜季節調整済＞,億円,MONTHLY,マネタリーベース,20260303,200210,879812
MABS1AA12X12,マネタリーベース平均残高（準備率調整後）＜季節調整済＞,億円,MONTHLY,マネタリーベース,20260303,200211,908846
MABS1AA12X12,マネタリーベース平均残高（準備率調整後）＜季節調整済＞,億円,MONTHLY,マネタリーベース,20260303,200212,922560
MABS1AA12X12,マネタリーベース平均残高（準備率調整後）＜季節調整済＞,億円,MONTHLY,マネタリーベース,20260303,200301,931977
MABS1AA12X12,マネタリーベース平均残高（準備率調整後）＜季節調整済＞,億円,MONTHLY,マネタリーベース,20260303,200302,937900
MABS1AA12X12,マネタリーベース平均残高（準備率調整後）＜季節調整済＞,億円,MONTHLY,マネタリーベース,20260303,200303,953823
MABS1AA12X12,マネタリーベース平均残高（準備率調整後）＜季節調整済＞,億円,MONTHLY,マネタリーベース,20260303,200304,998984
MABS1AA12X12,マネタリーベース平均残高（準備率調整後）＜季節調整済＞,億円,MONTHLY,マネタリーベース,20260303,200305,1009555
MABS1AA12X12,マネタリーベース平均残高（準備率調整後）＜季節調整済＞,億円,MONTHLY,マネタリーベース,20260303,200306,1038245
MABS1AA12X12,マネタリーベース平均残高（準備率調整後）＜季節調整済＞,億円,MONTHLY,マネタリーベース,20260303,200307,1040402
MABS1AA12X12,マネタリーベース平均残高（準備率調整後）＜季節調整済＞,億円,MONTHLY,マネタリーベース,20260303,200308,1047138
MABS1AA12X12,マネタリーベース平均残高（準備率調整後）＜季節調整済＞,億円,MONTHLY,マネタリーベース,20260303,200309,1051924
MABS1AA12X12,マネタリーベース平均残高（準備率調整後）＜季節調整済＞,億円,MONTHLY,マネタリーベース,20260303,200310,1056407
MABS1AA12X12,マネタリーベース平均残高（準備率調整後）＜季節調整済＞,億円,MONTHLY,マネタリーベース,20260303,200311,1057004
MABS1AA12X12,マネタリーベース平均残高（準備率調整後）＜季節調整済＞,億円,MONTHLY,マネタリーベース,20260303,200312,1049366
MABS1AA12X12,マネタリーベース平均残高（準備率調整後）＜季節調整済＞,億円,MONTHLY,マネタリーベース,20260303,200401,1060027
MABS1AA12X12,マネタリーベース平均残高（準備率調整後）＜季節調整済＞,億円,MONTHLY,マネタリーベース,20260303,200402,1088315
MABS1AA12X12,マネタリーベース平均残高（準備率調整後）＜季節調整済＞,億円,MONTHLY,マネタリーベース,20260303,200403,1068944
MABS1AA12X12,マネタリーベース平均残高（準備率調整後）＜季節調整済＞,億円,MONTHLY,マネタリーベース,20260303,200404,1069630
MABS1AA12X12,マネタリーベース平均残高（準備率調整後）＜季節調整済＞,億円,MONTHLY,マネタリーベース,20260303,200405,1084273
MABS1AA12X12,マネタリーベース平均残高（準備率調整後）＜季節調整済＞,億円,MONTHLY,マネタリーベース,20260303,200406,1085302
MABS1AA12X12,マネタリーベース平均残高（準備率調整後）＜季節調整済＞,億円,MONTHLY,マネタリーベース,20260303,200407,1089750
MABS1AA12X12,マネタリーベース平均残高（準備率調整後）＜季節調整済＞,億円,MONTHLY,マネタリーベース,20260303,200408,1094459
MABS1AA12X12,マネタリーベース平均残高（準備率調整後）＜季節調整済＞,億円,MONTHLY,マネタリーベース,20260303,200409,1098360
MABS1AA12X12,マネタリーベース平均残高（準備率調整後）＜季節調整済＞,億円,MONTHLY,マネタリーベース,20260303,200410,1095339
MABS1AA12X12,マネタリーベース平均残高（準備率調整後）＜季節調整済＞,億円,MONTHLY,マネタリーベース,20260303,200411,1106129
MABS1AA12X12,マネタリーベース平均残高（準備率調整後）＜季節調整済＞,億円,MONTHLY,マネタリーベース,20260303,200412,1095365
MABS1AA12X12,マネタリーベース平均残高（準備率調整後）＜季節調整済＞,億円,MONTHLY,マネタリーベース,20260303,200501,1101509
MABS1AA12X12,マネタリーベース平均残高（準備率調整後）＜季節調整済＞,億円,MONTHLY,マネタリーベース,20260303,200502,1100556
MABS1AA12X12,マネタリーベース平均残高（準備率調整後）＜季節調整済＞,億円,MONTHLY,マネタリーベース,20260303,200503,1094767
MABS1AA12X12,マネタリーベース平均残高（準備率調整後）＜季節調整済＞,億円,MONTHLY,マネタリーベース,20260303,200504,1105172
MABS1AA12X12,マネタリーベース平均残高（準備率調整後）＜季節調整済＞,億円,MONTHLY,マネタリーベース,20260303,200505,1109776
MABS1AA12X12,マネタリーベース平均残高（準備率調整後）＜季節調整済＞,億円,MONTHLY,マネタリーベース,20260303,200506,1104982
MABS1AA12X12,マネタリーベース平均残高（準備率調整後）＜季節調整済＞,億円,MONTHLY,マネタリーベース,20260303,200507,1104317
MABS1AA12X12,マネタリーベース平均残高（準備率調整後）＜季節調整済＞,億円,MONTHLY,マネタリーベース,20260303,200508,1105356
MABS1AA12X12,マネタリーベース平均残高（準備率調整後）＜季節調整済＞,億円,MONTHLY,マネタリーベース,20260303,200509,1115612
MABS1AA12X12,マネタリーベース平均残高（準備率調整後）＜季節調整済＞,億円,MONTHLY,マネタリーベース,20260303,200510,1121959
MABS1AA12X12,マネタリーベース平均残高（準備率調整後）＜季節調整済＞,億円,MONTHLY,マネタリーベース,20260303,200511,1123399
MABS1AA12X12,マネタリーベース平均残高（準備率調整後）＜季節調整済＞,億円,MONTHLY,マネタリーベース,20260303,200512,1105835
MABS1AA12X12,マネタリーベース平均残高（準備率調整後）＜季節調整済＞,億円,MONTHLY,マネタリーベース,20260303,200601,1118966
MABS1AA12X12,マネタリーベース平均残高（準備率調整後）＜季節調整済＞,億円,MONTHLY,マネタリーベース,20260303,200602,1120455
MABS1AA12X12,マネタリーベース平均残高（準備率調整後）＜季節調整済＞,億円,MONTHLY,マネタリーベース,20260303,200603,1086546
MABS1AA12X12,マネタリーベース平均残高（準備率調整後）＜季節調整済＞,億円,MONTHLY,マネタリーベース,20260303,200604,1027933
MABS1AA12X12,マネタリーベース平均残高（準備率調整後）＜季節調整済＞,億円,MONTHLY,マネタリーベース,20260303,200605,940606
MABS1AA12X12,マネタリーベース平均残高（準備率調整後）＜季節調整済＞,億円,MONTHLY,マネタリーベース,20260303,200606,924423
MABS1AA12X12,マネタリーベース平均残高（準備率調整後）＜季節調整済＞,億円,MONTHLY,マネタリーベース,20260303,200607,907046
MABS1AA12X12,マネタリーベース平均残高（準備率調整後）＜季節調整済＞,億円,MONTHLY,マネタリーベース,20260303,200608,880417
MABS1AA12X12,マネタリーベース平均残高（準備率調整後）＜季節調整済＞,億円,MONTHLY,マネタリーベース,20260303,200609,878678
MABS1AA12X12,マネタリーベース平均残高（準備率調整後）＜季節調整済＞,億円,MONTHLY,マネタリーベース,20260303,200610,881196
MABS1AA12X12,マネタリーベース平均残高（準備率調整後）＜季節調整済＞,億円,MONTHLY,マネタリーベース,20260303,200611,875433
MABS1AA12X12,マネタリーベース平均残高（準備率調整後）＜季節調整済＞,億円,MONTHLY,マネタリーベース,20260303,200612,884649
MABS1AA12X12,マネタリーベース平均残高（準備率調整後）＜季節調整済＞,億円,MONTHLY,マネタリーベース,20260303,200701,883590
MABS1AA12X12,マネタリーベース平均残高（準備率調整後）＜季節調整済＞,億円,MONTHLY,マネタリーベース,20260303,200702,883595
MABS1AA12X12,マネタリーベース平均残高（準備率調整後）＜季節調整済＞,億円,MONTHLY,マネタリーベース,20260303,200703,880368
MABS1AA12X12,マネタリーベース平均残高（準備率調整後）＜季節調整済＞,億円,MONTHLY,マネタリーベース,20260303,200704,900710
MABS1AA12X12,マネタリーベース平均残高（準備率調整後）＜季節調整済＞,億円,MONTHLY,マネタリーベース,20260303,200705,886142
MABS1AA12X12,マネタリーベース平均残高（準備率調整後）＜季節調整済＞,億円,MONTHLY,マネタリーベース,20260303,200706,883722
MABS1AA12X12,マネタリーベース平均残高（準備率調整後）＜季節調整済＞,億円,MONTHLY,マネタリーベース,20260303,200707,886657
MABS1AA12X12,マネタリーベース平均残高（準備率調整後）＜季節調整済＞,億円,MONTHLY,マネタリーベース,20260303,200708,886319
MABS1AA12X12,マネタリーベース平均残高（準備率調整後）＜季節調整済＞,億円,MONTHLY,マネタリーベース,20260303,200709,885543
MABS1AA12X12,マネタリーベース平均残高（準備率調整後）＜季節調整済＞,億円,MONTHLY,マネタリーベース,20260303,200710,885661
MABS1AA12X12,マネタリーベース平均残高（準備率調整後）＜季節調整済＞,億円,MONTHLY,マネタリーベース,20260303,200711,886062
MABS1AA12X12,マネタリーベース平均残高（準備率調整後）＜季節調整済＞,億円,MONTHLY,マネタリーベース,20260303,200712,888470
MABS1AA12X12,マネタリーベース平均残高（準備率調整後）＜季節調整済＞,億円,MONTHLY,マネタリーベース,20260303,200801,883523
MABS1AA12X12,マネタリーベース平均残高（準備率調整後）＜季節調整済＞,億円,MONTHLY,マネタリーベース,20260303,200802,884747
MABS1AA12X12,マネタリーベース平均残高（準備率調整後）＜季節調整済＞,億円,MONTHLY,マネタリーベース,20260303,200803,880917
MABS1AA12X12,マネタリーベース平均残高（準備率調整後）＜季節調整済＞,億円,MONTHLY,マネタリーベース,20260303,200804,874308
MABS1AA12X12,マネタリーベース平均残高（準備率調整後）＜季節調整済＞,億円,MONTHLY,マネタリーベース,20260303,200805,876214
MABS1AA12X12,マネタリーベース平均残高（準備率調整後）＜季節調整済＞,億円,MONTHLY,マネタリーベース,20260303,200806,884998
MABS1AA12X12,マネタリーベース平均残高（準備率調整後）＜季節調整済＞,億円,MONTHLY,マネタリーベース,20260303,200807,880423
MABS1AA12X12,マネタリーベース平均残高（準備率調整後）＜季節調整済＞,億円,MONTHLY,マネタリーベース,20260303,200808,884373
MABS1AA12X12,マネタリーベース平均残高（準備率調整後）＜季節調整済＞,億円,MONTHLY,マネタリーベース,20260303,200809,894302
MABS1AA12X12,マネタリーベース平均残高（準備率調整後）＜季節調整済＞,億円,MONTHLY,マネタリーベース,20260303,200810,898533
MABS1AA12X12,マネタリーベース平均残高（準備率調整後）＜季節調整済＞,億円,MONTHLY,マネタリーベース,20260303,200811,903069
MABS1AA12X12,マネタリーベース平均残高（準備率調整後）＜季節調整済＞,億円,MONTHLY,マネタリーベース,20260303,200812,906390
MABS1AA12X12,マネタリーベース平均残高（準備率調整後）＜季節調整済＞,億円,MONTHLY,マネタリーベース,20260303,200901,918558
MABS1AA12X12,マネタリーベース平均残高（準備率調整後）＜季節調整済＞,億円,MONTHLY,マネタリーベース,20260303,200902,944649
MABS1AA12X12,マネタリーベース平均残高（準備率調整後）＜季節調整済＞,億円,MONTHLY,マネタリーベース,20260303,200903,944703
MABS1AA12X12,マネタリーベース平均残高（準備率調整後）＜季節調整済＞,億円,MONTHLY,マネタリーベース,20260303,200904,943856
MABS1AA12X12,マネタリーベース平均残高（準備率調整後）＜季節調整済＞,億円,MONTHLY,マネタリーベース,20260303,200905,942177
MABS1AA12X12,マネタリーベース平均残高（準備率調整後）＜季節調整済＞,億円,MONTHLY,マネタリーベース,20260303,200906,939936
MABS1AA12X12,マネタリーベース平均残高（準備率調整後）＜季節調整済＞,億円,MONTHLY,マネタリーベース,20260303,200907,933088
MABS1AA12X12,マネタリーベース平均残高（準備率調整後）＜季節調整済＞,億円,MONTHLY,マネタリーベース,20260303,200908,937620
MABS1AA12X12,マネタリーベース平均残高（準備率調整後）＜季節調整済＞,億円,MONTHLY,マネタリーベース,20260303,200909,934987
MABS1AA12X12,マネタリーベース平均残高（準備率調整後）＜季節調整済＞,億円,MONTHLY,マネタリーベース,20260303,200910,936637
MABS1AA12X12,マネタリーベース平均残高（準備率調整後）＜季節調整済＞,億円,MONTHLY,マネタリーベース,20260303,200911,934893
MABS1AA12X12,マネタリーベース平均残高（準備率調整後）＜季節調整済＞,億円,MONTHLY,マネタリーベース,20260303,200912,955042
MABS1AA12X12,マネタリーベース平均残高（準備率調整後）＜季節調整済＞,億円,MONTHLY,マネタリーベース,20260303,201001,964821
MABS1AA12X12,マネタリーベース平均残高（準備率調整後）＜季節調整済＞,億円,MONTHLY,マネタリーベース,20260303,201002,970115
MABS1AA12X12,マネタリーベース平均残高（準備率調整後）＜季節調整済＞,億円,MONTHLY,マネタリーベース,20260303,201003,970672
MABS1AA12X12,マネタリーベース平均残高（準備率調整後）＜季節調整済＞,億円,MONTHLY,マネタリーベース,20260303,201004,971112
MABS1AA12X12,マネタリーベース平均残高（準備率調整後）＜季節調整済＞,億円,MONTHLY,マネタリーベース,20260303,201005,975325
MABS1AA12X12,マネタリーベース平均残高（準備率調整後）＜季節調整済＞,億円,MONTHLY,マネタリーベース,20260303,201006,971567
MABS1AA12X12,マネタリーベース平均残高（準備率調整後）＜季節調整済＞,億円,MONTHLY,マネタリーベース,20260303,201007,985687
MABS1AA12X12,マネタリーベース平均残高（準備率調整後）＜季節調整済＞,億円,MONTHLY,マネタリーベース,20260303,201008,987531
MABS1AA12X12,マネタリーベース平均残高（準備率調整後）＜季節調整済＞,億円,MONTHLY,マネタリーベース,20260303,201009,986906
MABS1AA12X12,マネタリーベース平均残高（準備率調整後）＜季節調整済＞,億円,MONTHLY,マネタリーベース,20260303,201010,992308
MABS1AA12X12,マネタリーベース平均残高（準備率調整後）＜季節調整済＞,億円,MONTHLY,マネタリーベース,20260303,201011,1002460
MABS1AA12X12,マネタリーベース平均残高（準備率調整後）＜季節調整済＞,億円,MONTHLY,マネタリーベース,20260303,201012,1024257
MABS1AA12X12,マネタリーベース平均残高（準備率調整後）＜季節調整済＞,億円,MONTHLY,マネタリーベース,20260303,201101,1022345
MABS1AA12X12,マネタリーベース平均残高（準備率調整後）＜季節調整済＞,億円,MONTHLY,マネタリーベース,20260303,201102,1030585
MABS1AA12X12,マネタリーベース平均残高（準備率調整後）＜季節調整済＞,億円,MONTHLY,マネタリーベース,20260303,201103,1144001
MABS1AA12X12,マネタリーベース平均残高（準備率調整後）＜季節調整済＞,億円,MONTHLY,マネタリーベース,20260303,201104,1204381
MABS1AA12X12,マネタリーベース平均残高（準備率調整後）＜季節調整済＞,億円,MONTHLY,マネタリーベース,20260303,201105,1133649
MABS1AA12X12,マネタリーベース平均残高（準備率調整後）＜季節調整済＞,億円,MONTHLY,マネタリーベース,20260303,201106,1131546
MABS1AA12X12,マネタリーベース平均残高（準備率調整後）＜季節調整済＞,億円,MONTHLY,マネタリーベース,20260303,201107,1126154
MABS1AA12X12,マネタリーベース平均残高（準備率調整後）＜季節調整済＞,億円,MONTHLY,マネタリーベース,20260303,201108,1143453
MABS1AA12X12,マネタリーベース平均残高（準備率調整後）＜季節調整済＞,億円,MONTHLY,マネタリーベース,20260303,201109,1147592
MABS1AA12X12,マネタリーベース平均残高（準備率調整後）＜季節調整済＞,億円,MONTHLY,マネタリーベース,20260303,201110,1154249
MABS1AA12X12,マネタリーベース平均残高（準備率調整後）＜季節調整済＞,億円,MONTHLY,マネタリーベース,20260303,201111,1193846
MABS1AA12X12,マネタリーベース平均残高（準備率調整後）＜季節調整済＞,億円,MONTHLY,マネタリーベース,20260303,201112,1166570
MABS1AA12X12,マネタリーベース平均残高（準備率調整後）＜季節調整済＞,億円,MONTHLY,マネタリーベース,20260303,201201,1181962
MABS1AA12X12,マネタリーベース平均残高（準備率調整後）＜季節調整済＞,億円,MONTHLY,マネタリーベース,20260303,201202,1152588
MABS1AA12X12,マネタリーベース平均残高（準備率調整後）＜季節調整済＞,億円,MONTHLY,マネタリーベース,20260303,201203,1149037
MABS1AA12X12,マネタリーベース平均残高（準備率調整後）＜季節調整済＞,億円,MONTHLY,マネタリーベース,20260303,201204,1202258
MABS1AA12X12,マネタリーベース平均残高（準備率調整後）＜季節調整済＞,億円,MONTHLY,マネタリーベース,20260303,201205,1162999
MABS1AA12X12,マネタリーベース平均残高（準備率調整後）＜季節調整済＞,億円,MONTHLY,マネタリーベース,20260303,201206,1192510
MABS1AA12X12,マネタリーベース平均残高（準備率調整後）＜季節調整済＞,億円,MONTHLY,マネタリーベース,20260303,201207,1213964
MABS1AA12X12,マネタリーベース平均残高（準備率調整後）＜季節調整済＞,億円,MONTHLY,マネタリーベース,20260303,201208,1217621
MABS1AA12X12,マネタリーベース平均残高（準備率調整後）＜季節調整済＞,億円,MONTHLY,マネタリーベース,20260303,201209,1248175
MABS1AA12X12,マネタリーベース平均残高（準備率調整後）＜季節調整済＞,億円,MONTHLY,マネタリーベース,20260303,201210,1273348
MABS1AA12X12,マネタリーベース平均残高（準備率調整後）＜季節調整済＞,億円,MONTHLY,マネタリーベース,20260303,201211,1251038
MABS1AA12X12,マネタリーベース平均残高（準備率調整後）＜季節調整済＞,億円,MONTHLY,マネタリーベース,20260303,201212,1310768
MABS1AA12X12,マネタリーベース平均残高（準備率調整後）＜季節調整済＞,億円,MONTHLY,マネタリーベース,20260303,201301,1318070
MABS1AA12X12,マネタリーベース平均残高（準備率調整後）＜季節調整済＞,億円,MONTHLY,マネタリーベース,20260303,201302,1328542
MABS1AA12X12,マネタリーベース平均残高（準備率調整後）＜季節調整済＞,億円,MONTHLY,マネタリーベース,20260303,201303,1380541
MABS1AA12X12,マネタリーベース平均残高（準備率調整後）＜季節調整済＞,億円,MONTHLY,マネタリーベース,20260303,201304,1479755
MABS1AA12X12,マネタリーベース平均残高（準備率調整後）＜季節調整済＞,億円,MONTHLY,マネタリーベース,20260303,201305,1533814
MABS1AA12X12,マネタリーベース平均残高（準備率調整後）＜季節調整済＞,億円,MONTHLY,マネタリーベース,20260303,201306,1616481
MABS1AA12X12,マネタリーベース平均残高（準備率調整後）＜季節調整済＞,億円,MONTHLY,マネタリーベース,20260303,201307,1667863
MABS1AA12X12,マネタリーベース平均残高（準備率調整後）＜季節調整済＞,億円,MONTHLY,マネタリーベース,20260303,201308,1726671
MABS1AA12X12,マネタリーベース平均残高（準備率調整後）＜季節調整済＞,億円,MONTHLY,マネタリーベース,20260303,201309,1821675
MABS1AA12X12,マネタリーベース平均残高（準備率調整後）＜季節調整済＞,億円,MONTHLY,マネタリーベース,20260303,201310,1855944
MABS1AA12X12,マネタリーベース平均残高（準備率調整後）＜季節調整済＞,億円,MONTHLY,マネタリーベース,20260303,201311,1905984
MABS1AA12X12,マネタリーベース平均残高（準備率調整後）＜季節調整済＞,億円,MONTHLY,マネタリーベース,20260303,201312,1931825
MABS1AA12X12,マネタリーベース平均残高（準備率調整後）＜季節調整済＞,億円,MONTHLY,マネタリーベース,20260303,201401,2007540
MABS1AA12X12,マネタリーベース平均残高（準備率調整後）＜季節調整済＞,億円,MONTHLY,マネタリーベース,20260303,201402,2066803
MABS1AA12X12,マネタリーベース平均残高（準備率調整後）＜季節調整済＞,億円,MONTHLY,マネタリーベース,20260303,201403,2134874
MABS1AA12X12,マネタリーベース平均残高（準備率調整後）＜季節調整済＞,億円,MONTHLY,マネタリーベース,20260303,201404,2192064
MABS1AA12X12,マネタリーベース平均残高（準備率調整後）＜季節調整済＞,億円,MONTHLY,マネタリーベース,20260303,201405,2235899
MABS1AA12X12,マネタリーベース平均残高（準備率調整後）＜季節調整済＞,億円,MONTHLY,マネタリーベース,20260303,201406,2302107
MABS1AA12X12,マネタリーベース平均残高（準備率調整後）＜季節調整済＞,億円,MONTHLY,マネタリーベース,20260303,201407,2377056
MABS1AA12X12,マネタリーベース平均残高（準備率調整後）＜季節調整済＞,億円,MONTHLY,マネタリーベース,20260303,201408,2424623
MABS1AA12X12,マネタリーベース平均残高（準備率調整後）＜季節調整済＞,億円,MONTHLY,マネタリーベース,20260303,201409,2465662
MABS1AA12X12,マネタリーベース平均残高（準備率調整後）＜季節調整済＞,億円,MONTHLY,マネタリーベース,20260303,201410,2546457
MABS1AA12X12,マネタリーベース平均残高（準備率調整後）＜季節調整済＞,億円,MONTHLY,マネタリーベース,20260303,201411,2606131
MABS1AA12X12,マネタリーベース平均残高（準備率調整後）＜季節調整済＞,億円,MONTHLY,マネタリーベース,20260303,201412,2680024
MABS1AA12X12,マネタリーベース平均残高（準備率調整後）＜季節調整済＞,億円,MONTHLY,マネタリーベース,20260303,201501,2757143
MABS1AA12X12,マネタリーベース平均残高（準備率調整後）＜季節調整済＞,億円,MONTHLY,マネタリーベース,20260303,201502,2818638
MABS1AA12X12,マネタリーベース平均残高（準備率調整後）＜季節調整済＞,億円,MONTHLY,マネタリーベース,20260303,201503,2880516
MABS1AA12X12,マネタリーベース平均残高（準備率調整後）＜季節調整済＞,億円,MONTHLY,マネタリーベース,20260303,201504,2958526
MABS1AA12X12,マネタリーベース平均残高（準備率調整後）＜季節調整済＞,億円,MONTHLY,マネタリーベース,20260303,201505,3031992
MABS1AA12X12,マネタリーベース平均残高（準備率調整後）＜季節調整済＞,億円,MONTHLY,マネタリーベース,20260303,201506,3093762
MABS1AA12X12,マネタリーベース平均残高（準備率調整後）＜季節調整済＞,億円,MONTHLY,マネタリーベース,20260303,201507,3162809
MABS1AA12X12,マネタリーベース平均残高（準備率調整後）＜季節調整済＞,億円,MONTHLY,マネタリーベース,20260303,201508,3231674
MABS1AA12X12,マネタリーベース平均残高（準備率調整後）＜季節調整済＞,億円,MONTHLY,マネタリーベース,20260303,201509,3328706
MABS1AA12X12,マネタリーベース平均残高（準備率調整後）＜季節調整済＞,億円,MONTHLY,マネタリーベース,20260303,201510,3381879
MABS1AA12X12,マネタリーベース平均残高（準備率調整後）＜季節調整済＞,億円,MONTHLY,マネタリーベース,20260303,201511,3453379
MABS1AA12X12,マネタリーベース平均残高（準備率調整後）＜季節調整済＞,億円,MONTHLY,マネタリーベース,20260303,201512,3479947
MABS1AA12X12,マネタリーベース平均残高（準備率調整後）＜季節調整済＞,億円,MONTHLY,マネタリーベース,20260303,201601,3551227
MABS1AA12X12,マネタリーベース平均残高（準備率調整後）＜季節調整済＞,億円,MONTHLY,マネタリーベース,20260303,201602,3625925
MABS1AA12X12,マネタリーベース平均残高（準備率調整後）＜季節調整済＞,億円,MONTHLY,マネタリーベース,20260303,201603,3693471
MABS1AA12X12,マネタリーベース平均残高（準備率調整後）＜季節調整済＞,億円,MONTHLY,マネタリーベース,20260303,201604,3749879
MABS1AA12X12,マネタリーベース平均残高（準備率調整後）＜季節調整済＞,億円,MONTHLY,マネタリーベース,20260303,201605,3802496
MABS1AA12X12,マネタリーベース平均残高（準備率調整後）＜季節調整済＞,億円,MONTHLY,マネタリーベース,20260303,201606,3889268
MABS1AA12X12,マネタリーベース平均残高（準備率調整後）＜季節調整済＞,億円,MONTHLY,マネタリーベース,20260303,201607,3954963
MABS1AA12X12,マネタリーベース平均残高（準備率調整後）＜季節調整済＞,億円,MONTHLY,マネタリーベース,20260303,201608,4011175
MABS1AA12X12,マネタリーベース平均残高（準備率調整後）＜季節調整済＞,億円,MONTHLY,マネタリーベース,20260303,201609,4079407
MABS1AA12X12,マネタリーベース平均残高（準備率調整後）＜季節調整済＞,億円,MONTHLY,マネタリーベース,20260303,201610,4132324
MABS1AA12X12,マネタリーベース平均残高（準備率調整後）＜季節調整済＞,億円,MONTHLY,マネタリーベース,20260303,201611,4192556
MABS1AA12X12,マネタリーベース平均残高（準備率調整後）＜季節調整済＞,億円,MONTHLY,マネタリーベース,20260303,201612,4284191
MABS1AA12X12,マネタリーベース平均残高（準備率調整後）＜季節調整済＞,億円,MONTHLY,マネタリーベース,20260303,201701,4349809
MABS1AA12X12,マネタリーベース平均残高（準備率調整後）＜季節調整済＞,億円,MONTHLY,マネタリーベース,20260303,201702,4393932
MABS1AA12X12,マネタリーベース平均残高（準備率調整後）＜季節調整済＞,億円,MONTHLY,マネタリーベース,20260303,201703,4441357
MABS1AA12X12,マネタリーベース平均残高（準備率調整後）＜季節調整済＞,億円,MONTHLY,マネタリーベース,20260303,201704,4501714
MABS1AA12X12,マネタリーベース平均残高（準備率調整後）＜季節調整済＞,億円,MONTHLY,マネタリーベース,20260303,201705,4537382
MABS1AA12X12,マネタリーベース平均残高（準備率調整後）＜季節調整済＞,億円,MONTHLY,マネタリーベース,20260303,201706,4564391
MABS1AA12X12,マネタリーベース平均残高（準備率調整後）＜季節調整済＞,億円,MONTHLY,マネタリーベース,20260303,201707,4584400
MABS1AA12X12,マネタリーベース平均残高（準備率調整後）＜季節調整済＞,億円,MONTHLY,マネタリーベース,20260303,201708,4657785
MABS1AA12X12,マネタリーベース平均残高（準備率調整後）＜季節調整済＞,億円,MONTHLY,マネタリーベース,20260303,201709,4703143
MABS1AA12X12,マネタリーベース平均残高（準備率調整後）＜季節調整済＞,億円,MONTHLY,マネタリーベース,20260303,201710,4720734
MABS1AA12X12,マネタリーベース平均残高（準備率調整後）＜季節調整済＞,億円,MONTHLY,マネタリーベース,20260303,201711,4734559
MABS1AA12X12,マネタリーベース平均残高（準備率調整後）＜季節調整済＞,億円,MONTHLY,マネタリーベース,20260303,201712,4763381
MABS1AA12X12,マネタリーベース平均残高（準備率調整後）＜季節調整済＞,億円,MONTHLY,マネタリーベース,20260303,201801,4777472
MABS1AA12X12,マネタリーベース平均残高（準備率調整後）＜季節調整済＞,億円,MONTHLY,マネタリーベース,20260303,201802,4804828
MABS1AA12X12,マネタリーベース平均残高（準備率調整後）＜季節調整済＞,億円,MONTHLY,マネタリーベース,20260303,201803,4848072
MABS1AA12X12,マネタリーベース平均残高（準備率調整後）＜季節調整済＞,億円,MONTHLY,マネタリーベース,20260303,201804,4870766
MABS1AA12X12,マネタリーベース平均残高（準備率調整後）＜季節調整済＞,億円,MONTHLY,マネタリーベース,20260303,201805,4907830
MABS1AA12X12,マネタリーベース平均残高（準備率調整後）＜季節調整済＞,億円,MONTHLY,マネタリーベース,20260303,201806,4909012
MABS1AA12X12,マネタリーベース平均残高（準備率調整後）＜季節調整済＞,億円,MONTHLY,マネタリーベース,20260303,201807,4916957
MABS1AA12X12,マネタリーベース平均残高（準備率調整後）＜季節調整済＞,億円,MONTHLY,マネタリーベース,20260303,201808,4964858
MABS1AA12X12,マネタリーベース平均残高（準備率調整後）＜季節調整済＞,億円,MONTHLY,マネタリーベース,20260303,201809,4967317
MABS1AA12X12,マネタリーベース平均残高（準備率調整後）＜季節調整済＞,億円,MONTHLY,マネタリーベース,20260303,201810,4982126
MABS1AA12X12,マネタリーベース平均残高（準備率調整後）＜季節調整済＞,億円,MONTHLY,マネタリーベース,20260303,201811,5013380
MABS1AA12X12,マネタリーベース平均残高（準備率調整後）＜季節調整済＞,億円,MONTHLY,マネタリーベース,20260303,201812,4994096
MABS1AA12X12,マネタリーベース平均残高（準備率調整後）＜季節調整済＞,億円,MONTHLY,マネタリーベース,20260303,201901,5013900
MABS1AA12X12,マネタリーベース平均残高（準備率調整後）＜季節調整済＞,億円,MONTHLY,マネタリーベース,20260303,201902,5024001
MABS1AA12X12,マネタリーベース平均残高（準備率調整後）＜季節調整済＞,億円,MONTHLY,マネタリーベース,20260303,201903,5040351
MABS1AA12X12,マネタリーベース平均残高（準備率調整後）＜季節調整済＞,億円,MONTHLY,マネタリーベース,20260303,201904,5035651
MABS1AA12X12,マネタリーベース平均残高（準備率調整後）＜季節調整済＞,億円,MONTHLY,マネタリーベース,20260303,201905,5085663
MABS1AA12X12,マネタリーベース平均残高（準備率調整後）＜季節調整済＞,億円,MONTHLY,マネタリーベース,20260303,201906,5107168
MABS1AA12X12,マネタリーベース平均残高（準備率調整後）＜季節調整済＞,億円,MONTHLY,マネタリーベース,20260303,201907,5102773
MABS1AA12X12,マネタリーベース平均残高（準備率調整後）＜季節調整済＞,億円,MONTHLY,マネタリーベース,20260303,201908,5094913
MABS1AA12X12,マネタリーベース平均残高（準備率調整後）＜季節調整済＞,億円,MONTHLY,マネタリーベース,20260303,201909,5105521
MABS1AA12X12,マネタリーベース平均残高（準備率調整後）＜季節調整済＞,億円,MONTHLY,マネタリーベース,20260303,201910,5125037
MABS1AA12X12,マネタリーベース平均残高（準備率調整後）＜季節調整済＞,億円,MONTHLY,マネタリーベース,20260303,201911,5175340
MABS1AA12X12,マネタリーベース平均残高（準備率調整後）＜季節調整済＞,億円,MONTHLY,マネタリーベース,20260303,201912,5158693
MABS1AA12X12,マネタリーベース平均残高（準備率調整後）＜季節調整済＞,億円,MONTHLY,マネタリーベース,20260303,202001,5170567
MABS1AA12X12,マネタリーベース平均残高（準備率調整後）＜季節調整済＞,億円,MONTHLY,マネタリーベース,20260303,202002,5203330
MABS1AA12X12,マネタリーベース平均残高（準備率調整後）＜季節調整済＞,億円,MONTHLY,マネタリーベース,20260303,202003,5181618
MABS1AA12X12,マネタリーベース平均残高（準備率調整後）＜季節調整済＞,億円,MONTHLY,マネタリーベース,20260303,202004,5151931
MABS1AA12X12,マネタリーベース平均残高（準備率調整後）＜季節調整済＞,億円,MONTHLY,マネタリーベース,20260303,202005,5283007
MABS1AA12X12,マネタリーベース平均残高（準備率調整後）＜季節調整済＞,億円,MONTHLY,マネタリーベース,20260303,202006,5411728
MABS1AA12X12,マネタリーベース平均残高（準備率調整後）＜季節調整済＞,億円,MONTHLY,マネタリーベース,20260303,202007,5602935
MABS1AA12X12,マネタリーベース平均残高（準備率調整後）＜季節調整済＞,億円,MONTHLY,マネタリーベース,20260303,202008,5668385
MABS1AA12X12,マネタリーベース平均残高（準備率調整後）＜季節調整済＞,億円,MONTHLY,マネタリーベース,20260303,202009,5832752
MABS1AA12X12,マネタリーベース平均残高（準備率調整後）＜季節調整済＞,億円,MONTHLY,マネタリーベース,20260303,202010,5967030
MABS1AA12X12,マネタリーベース平均残高（準備率調整後）＜季節調整済＞,億円,MONTHLY,マネタリーベース,20260303,202011,6039958
MABS1AA12X12,マネタリーベース平均残高（準備率調整後）＜季節調整済＞,億円,MONTHLY,マネタリーベース,20260303,202012,6119635
MABS1AA12X12,マネタリーベース平均残高（準備率調整後）＜季節調整済＞,億円,MONTHLY,マネタリーベース,20260303,202101,6158826
MABS1AA12X12,マネタリーベース平均残高（準備率調整後）＜季節調整済＞,億円,MONTHLY,マネタリーベース,20260303,202102,6219966
MABS1AA12X12,マネタリーベース平均残高（準備率調整後）＜季節調整済＞,億円,MONTHLY,マネタリーベース,20260303,202103,6243782
MABS1AA12X12,マネタリーベース平均残高（準備率調整後）＜季節調整済＞,億円,MONTHLY,マネタリーベース,20260303,202104,6387938
MABS1AA12X12,マネタリーベース平均残高（準備率調整後）＜季節調整済＞,億円,MONTHLY,マネタリーベース,20260303,202105,6448018
MABS1AA12X12,マネタリーベース平均残高（準備率調整後）＜季節調整済＞,億円,MONTHLY,マネタリーベース,20260303,202106,6439248
MABS1AA12X12,マネタリーベース平均残高（準備率調整後）＜季節調整済＞,億円,MONTHLY,マネタリーベース,20260303,202107,6471517
MABS1AA12X12,マネタリーベース平均残高（準備率調整後）＜季節調整済＞,億円,MONTHLY,マネタリーベース,20260303,202108,6506948
MABS1AA12X12,マネタリーベース平均残高（準備率調整後）＜季節調整済＞,億円,MONTHLY,マネタリーベース,20260303,202109,6524360
MABS1AA12X12,マネタリーベース平均残高（準備率調整後）＜季節調整済＞,億円,MONTHLY,マネタリーベース,20260303,202110,6581480
MABS1AA12X12,マネタリーベース平均残高（準備率調整後）＜季節調整済＞,億円,MONTHLY,マネタリーベース,20260303,202111,6619385
MABS1AA12X12,マネタリーベース平均残高（準備率調整後）＜季節調整済＞,億円,MONTHLY,マネタリーベース,20260303,202112,6650173
MABS1AA12X12,マネタリーベース平均残高（準備率調整後）＜季節調整済＞,億円,MONTHLY,マネタリーベース,20260303,202201,6677574
MABS1AA12X12,マネタリーベース平均残高（準備率調整後）＜季節調整済＞,億円,MONTHLY,マネタリーベース,20260303,202202,6682618
MABS1AA12X12,マネタリーベース平均残高（準備率調整後）＜季節調整済＞,億円,MONTHLY,マネタリーベース,20260303,202203,6715340
MABS1AA12X12,マネタリーベース平均残高（準備率調整後）＜季節調整済＞,億円,MONTHLY,マネタリーベース,20260303,202204,6788969
MABS1AA12X12,マネタリーベース平均残高（準備率調整後）＜季節調整済＞,億円,MONTHLY,マネタリーベース,20260303,202205,6726569
MABS1AA12X12,マネタリーベース平均残高（準備率調整後）＜季節調整済＞,億円,MONTHLY,マネタリーベース,20260303,202206,6685747
MABS1AA12X12,マネタリーベース平均残高（準備率調整後）＜季節調整済＞,億円,MONTHLY,マネタリーベース,20260303,202207,6664254
MABS1AA12X12,マネタリーベース平均残高（準備率調整後）＜季節調整済＞,億円,MONTHLY,マネタリーベース,20260303,202208,6532120
MABS1AA12X12,マネタリーベース平均残高（準備率調整後）＜季節調整済＞,億円,MONTHLY,マネタリーベース,20260303,202209,6322498
MABS1AA12X12,マネタリーベース平均残高（準備率調整後）＜季節調整済＞,億円,MONTHLY,マネタリーベース,20260303,202210,6154040
MABS1AA12X12,マネタリーベース平均残高（準備率調整後）＜季節調整済＞,億円,MONTHLY,マネタリーベース,20260303,202211,6202505
MABS1AA12X12,マネタリーベース平均残高（準備率調整後）＜季節調整済＞,億円,MONTHLY,マネタリーベース,20260303,202212,6261667
MABS1AA12X12,マネタリーベース平均残高（準備率調整後）＜季節調整済＞,億円,MONTHLY,マネタリーベース,20260303,202301,6430313
MABS1AA12X12,マネタリーベース平均残高（準備率調整後）＜季節調整済＞,億円,MONTHLY,マネタリーベース,20260303,202302,6557382
MABS1AA12X12,マネタリーベース平均残高（準備率調整後）＜季節調整済＞,億円,MONTHLY,マネタリーベース,20260303,202303,6624060
MABS1AA12X12,マネタリーベース平均残高（準備率調整後）＜季節調整済＞,億円,MONTHLY,マネタリーベース,20260303,202304,6659147
MABS1AA12X12,マネタリーベース平均残高（準備率調整後）＜季節調整済＞,億円,MONTHLY,マネタリーベース,20260303,202305,6637194
MABS1AA12X12,マネタリーベース平均残高（準備率調整後）＜季節調整済＞,億円,MONTHLY,マネタリーベース,20260303,202306,6623188
MABS1AA12X12,マネタリーベース平均残高（準備率調整後）＜季節調整済＞,億円,MONTHLY,マネタリーベース,20260303,202307,6596273
MABS1AA12X12,マネタリーベース平均残高（準備率調整後）＜季節調整済＞,億円,MONTHLY,マネタリーベース,20260303,202308,6613639
MABS1AA12X12,マネタリーベース平均残高（準備率調整後）＜季節調整済＞,億円,MONTHLY,マネタリーベース,20260303,202309,6688024
MABS1AA12X12,マネタリーベース平均残高（準備率調整後）＜季節調整済＞,億円,MONTHLY,マネタリーベース,20260303,202310,6720855
MABS1AA12X12,マネタリーベース平均残高（準備率調整後）＜季節調整済＞,億円,MONTHLY,マネタリーベース,20260303,202311,6740510
MABS1AA12X12,マネタリーベース平均残高（準備率調整後）＜季節調整済＞,億円,MONTHLY,マネタリーベース,20260303,202312,6753120
MABS1AA12X12,マネタリーベース平均残高（準備率調整後）＜季節調整済＞,億円,MONTHLY,マネタリーベース,20260303,202401,6745277
MABS1AA12X12,マネタリーベース平均残高（準備率調整後）＜季節調整済＞,億円,MONTHLY,マネタリーベース,20260303,202402,6704910
MABS1AA12X12,マネタリーベース平均残高（準備率調整後）＜季節調整済＞,億円,MONTHLY,マネタリーベース,20260303,202403,6721077
MABS1AA12X12,マネタリーベース平均残高（準備率調整後）＜季節調整済＞,億円,MONTHLY,マネタリーベース,20260303,202404,6794208
MABS1AA12X12,マネタリーベース平均残高（準備率調整後）＜季節調整済＞,億円,MONTHLY,マネタリーベース,20260303,202405,6692367
MABS1AA12X12,マネタリーベース平均残高（準備率調整後）＜季節調整済＞,億円,MONTHLY,マネタリーベース,20260303,202406,6668090
MABS1AA12X12,マネタリーベース平均残高（準備率調整後）＜季節調整済＞,億円,MONTHLY,マネタリーベース,20260303,202407,6670232
MABS1AA12X12,マネタリーベース平均残高（準備率調整後）＜季節調整済＞,億円,MONTHLY,マネタリーベース,20260303,202408,6646613
MABS1AA12X12,マネタリーベース平均残高（準備率調整後）＜季節調整済＞,億円,MONTHLY,マネタリーベース,20260303,202409,6686230
MABS1AA12X12,マネタリーベース平均残高（準備率調整後）＜季節調整済＞,億円,MONTHLY,マネタリーベース,20260303,202410,6705785
MABS1AA12X12,マネタリーベース平均残高（準備率調整後）＜季節調整済＞,億円,MONTHLY,マネタリーベース,20260303,202411,6704560
MABS1AA12X12,マネタリーベース平均残高（準備率調整後）＜季節調整済＞,億円,MONTHLY,マネタリーベース,20260303,202412,6683074
MABS1AA12X12,マネタリーベース平均残高（準備率調整後）＜季節調整済＞,億円,MONTHLY,マネタリーベース,20260303,202501,6591879
MABS1AA12X12,マネタリーベース平均残高（準備率調整後）＜季節調整済＞,億円,MONTHLY,マネタリーベース,20260303,202502,6586054
MABS1AA12X12,マネタリーベース平均残高（準備率調整後）＜季節調整済＞,億円,MONTHLY,マネタリーベース,20260303,202503,6519990
MABS1AA12X12,マネタリーベース平均残高（準備率調整後）＜季節調整済＞,億円,MONTHLY,マネタリーベース,20260303,202504,6473204
MABS1AA12X12,マネタリーベース平均残高（準備率調整後）＜季節調整済＞,億円,MONTHLY,マネタリーベース,20260303,202505,6466235
MABS1AA12X12,マネタリーベース平均残高（準備率調整後）＜季節調整済＞,億円,MONTHLY,マネタリーベース,20260303,202506,6438923
MABS1AA12X12,マネタリーベース平均残高（準備率調整後）＜季節調整済＞,億円,MONTHLY,マネタリーベース,20260303,202507,6404341
MABS1AA12X12,マネタリーベース平均残高（準備率調整後）＜季節調整済＞,億円,MONTHLY,マネタリーベース,20260303,202508,6365336
MABS1AA12X12,マネタリーベース平均残高（準備率調整後）＜季節調整済＞,億円,MONTHLY,マネタリーベース,20260303,202509,6269385
MABS1AA12X12,マネタリーベース平均残高（準備率調整後）＜季節調整済＞,億円,MONTHLY,マネタリーベース,20260303,202510,6180573
MABS1AA12X12,マネタリーベース平均残高（準備率調整後）＜季節調整済＞,億円,MONTHLY,マネタリーベース,20260303,202511,6122651
MABS1AA12X12,マネタリーベース平均残高（準備率調整後）＜季節調整済＞,億円,MONTHLY,マネタリーベース,20260303,202512,6036089
MABS1AA12X12,マネタリーベース平均残高（準備率調整後）＜季節調整済＞,億円,MONTHLY,マネタリーベース,20260303,202601,5978054
MABS1AA12X12,マネタリーベース平均残高（準備率調整後）＜季節調整済＞,億円,MONTHLY,マネタリーベース,20260303,202602,5893571
